Device;Net1;Net2;Capacitance [fF];Resistance [Ω]
C1;$122;$68;0.004;
C2;$122;enable;0.05;
C3;$122;s0;0.121;
C4;$122;s10;0.021;
C5;$122;vbn;0.0;
C6;$122;vbp;0.03;
C7;$122;VGND;0.003;
C8;$122;VPWR;0.166;
C9;$122;VSUBS;0.141;
C10;$124;s0;0.015;
C11;$124;s1;0.055;
C12;$124;s10;0.005;
C13;$124;vbn;0.0;
C14;$124;vbp;0.026;
C15;$124;VGND;0.001;
C16;$124;VPWR;0.07;
C17;$124;VSUBS;0.071;
C18;$125;s1;0.015;
C19;$125;s10;0.005;
C20;$125;s2;0.055;
C21;$125;vbn;0.0;
C22;$125;vbp;0.026;
C23;$125;VGND;0.001;
C24;$125;VPWR;0.07;
C25;$125;VSUBS;0.071;
C26;$126;s10;0.005;
C27;$126;s2;0.015;
C28;$126;s3;0.055;
C29;$126;vbn;0.0;
C30;$126;vbp;0.026;
C31;$126;VGND;0.001;
C32;$126;VPWR;0.071;
C33;$126;VSUBS;0.071;
C34;$127;s10;0.005;
C35;$127;s3;0.015;
C36;$127;s4;0.055;
C37;$127;vbn;0.0;
C38;$127;vbp;0.026;
C39;$127;VGND;0.001;
C40;$127;VPWR;0.07;
C41;$127;VSUBS;0.071;
C42;$128;s10;0.005;
C43;$128;s5;0.015;
C44;$128;s6;0.055;
C45;$128;vbn;0.0;
C46;$128;vbp;0.026;
C47;$128;VGND;0.001;
C48;$128;VPWR;0.07;
C49;$128;VSUBS;0.071;
C50;$129;s10;0.005;
C51;$129;s4;0.015;
C52;$129;s5;0.055;
C53;$129;vbn;0.0;
C54;$129;vbp;0.026;
C55;$129;VGND;0.001;
C56;$129;VPWR;0.07;
C57;$129;VSUBS;0.071;
C58;$130;s10;0.005;
C59;$130;s6;0.015;
C60;$130;s7;0.055;
C61;$130;vbn;0.0;
C62;$130;vbp;0.026;
C63;$130;VGND;0.001;
C64;$130;VPWR;0.07;
C65;$130;VSUBS;0.071;
C66;$131;s10;0.005;
C67;$131;s7;0.015;
C68;$131;s8;0.055;
C69;$131;vbn;0.0;
C70;$131;vbp;0.026;
C71;$131;VGND;0.001;
C72;$131;VPWR;0.07;
C73;$131;VSUBS;0.071;
C74;$132;s10;0.005;
C75;$132;s8;0.015;
C76;$132;s9;0.055;
C77;$132;vbn;0.0;
C78;$132;vbp;0.026;
C79;$132;VGND;0.001;
C80;$132;VPWR;0.07;
C81;$132;VSUBS;0.071;
C82;$133;s10;0.06;
C83;$133;s9;0.015;
C84;$133;vbp;0.026;
C85;$133;VGND;0.001;
C86;$133;VPWR;0.073;
C87;$133;VSUBS;0.071;
C88;$67;s10;0.039;
C89;$67;s9;0.023;
C90;$67;vbn;0.013;
C91;$67;vbp;0.018;
C92;$67;VGND;0.082;
C93;$67;VSUBS;0.033;
C94;$68;$I1005;0.065;
C95;$68;enable;0.009;
C96;$68;vbn;0.016;
C97;$68;vbp;0.0;
C98;$68;VGND;0.086;
C99;$68;VPWR;0.0;
C100;$68;VSUBS;0.049;
C101;$69;s8;0.023;
C102;$69;s9;0.039;
C103;$69;vbn;0.014;
C104;$69;vbp;0.0;
C105;$69;VGND;0.083;
C106;$69;VSUBS;0.033;
C107;$70;s7;0.023;
C108;$70;s8;0.039;
C109;$70;vbn;0.014;
C110;$70;VGND;0.083;
C111;$70;VSUBS;0.033;
C112;$71;s0;0.023;
C113;$71;s1;0.039;
C114;$71;vbn;0.014;
C115;$71;VGND;0.083;
C116;$71;VSUBS;0.033;
C117;$72;s6;0.022;
C118;$72;s7;0.039;
C119;$72;vbn;0.014;
C120;$72;VGND;0.084;
C121;$72;VSUBS;0.033;
C122;$73;s5;0.023;
C123;$73;s6;0.039;
C124;$73;vbn;0.014;
C125;$73;VGND;0.083;
C126;$73;VSUBS;0.033;
C127;$74;s4;0.023;
C128;$74;s5;0.039;
C129;$74;vbn;0.014;
C130;$74;VGND;0.083;
C131;$74;VSUBS;0.033;
C132;$75;s1;0.023;
C133;$75;s2;0.039;
C134;$75;vbn;0.014;
C135;$75;VGND;0.083;
C136;$75;VSUBS;0.033;
C137;$76;s3;0.023;
C138;$76;s4;0.039;
C139;$76;vbn;0.014;
C140;$76;VGND;0.083;
C141;$76;VSUBS;0.033;
C142;$77;s2;0.023;
C143;$77;s3;0.039;
C144;$77;vbn;0.014;
C145;$77;VGND;0.085;
C146;$77;VSUBS;0.033;
C147;$I1005;enable;0.006;
C148;$I1005;s0;0.064;
C149;$I1005;s10;0.006;
C150;$I1005;vbn;0.001;
C151;$I1005;VGND;0.015;
C152;$I1005;VPWR;0.0;
C153;$I1005;VSUBS;0.012;
C154;b1;clk_out;0.214;
C155;b1;s10;0.275;
C156;b1;vbp;0.009;
C157;clk_out;s10;0.002;
C158;clk_out;s8;0.0;
C159;clk_out;s9;0.0;
C160;clk_out;vbn;0.001;
C161;clk_out;vbp;0.008;
C162;code[0];code[1];3.816;
C163;code[0];code[2];0.035;
C164;code[0];code[3];0.035;
C165;code[0];code[4];0.07;
C166;code[0];code[5];0.139;
C167;code[0];code[6];0.278;
C168;code[0];code[7];0.556;
C169;code[0];enable;0.013;
C170;code[0];vbp;0.426;
C171;code[1];code[2];3.376;
C172;code[1];code[3];0.018;
C173;code[1];code[4];0.037;
C174;code[1];code[5];0.073;
C175;code[1];code[6];0.146;
C176;code[1];code[7];0.294;
C177;code[1];enable;0.022;
C178;code[1];vbp;0.699;
C179;code[2];code[3];5.499;
C180;code[2];code[4];0.036;
C181;code[2];code[5];0.073;
C182;code[2];code[6];0.145;
C183;code[2];code[7];0.292;
C184;code[2];enable;0.006;
C185;code[2];vbn;0.014;
C186;code[2];vbp;1.425;
C187;code[3];code[4];4.525;
C188;code[3];code[5];0.073;
C189;code[3];code[6];0.145;
C190;code[3];code[7];0.292;
C191;code[3];enable;0.02;
C192;code[3];s0;0.001;
C193;code[3];s1;0.001;
C194;code[3];s10;0.0;
C195;code[3];s2;0.001;
C196;code[3];s3;0.001;
C197;code[3];s4;0.001;
C198;code[3];s5;0.001;
C199;code[3];s6;0.001;
C200;code[3];s7;0.001;
C201;code[3];s8;0.001;
C202;code[3];s9;0.0;
C203;code[3];vbn;0.038;
C204;code[3];vbp;2.827;
C205;code[4];code[5];4.412;
C206;code[4];code[6];0.145;
C207;code[4];code[7];0.292;
C208;code[4];enable;0.032;
C209;code[4];vbp;5.581;
C210;code[5];code[6];4.172;
C211;code[5];code[7];0.292;
C212;code[5];enable;0.088;
C213;code[5];vbp;11.163;
C214;code[6];code[7];3.676;
C215;code[6];enable;0.279;
C216;code[6];vbp;22.326;
C217;code[7];enable;1.629;
C218;code[7];vbp;44.629;
C219;enable;s0;0.093;
C220;enable;s10;0.193;
C221;enable;vbn;0.068;
C222;enable;vbp;2.488;
C223;s0;s1;0.136;
C224;s0;s10;0.124;
C225;s0;vbn;0.23;
C226;s0;vbp;0.109;
C227;s1;s10;0.032;
C228;s1;s2;0.143;
C229;s1;vbn;0.216;
C230;s1;vbp;0.121;
C231;s10;s2;0.028;
C232;s10;s3;0.028;
C233;s10;s4;0.028;
C234;s10;s5;0.028;
C235;s10;s6;0.028;
C236;s10;s7;0.028;
C237;s10;s8;0.028;
C238;s10;s9;0.23;
C239;s10;vbn;0.048;
C240;s10;vbp;3.758;
C241;s2;s3;0.143;
C242;s2;vbn;0.216;
C243;s2;vbp;0.121;
C244;s3;s4;0.143;
C245;s3;vbn;0.216;
C246;s3;vbp;0.121;
C247;s4;s5;0.143;
C248;s4;vbn;0.216;
C249;s4;vbp;0.121;
C250;s5;s6;0.143;
C251;s5;vbn;0.216;
C252;s5;vbp;0.121;
C253;s6;s7;0.143;
C254;s6;vbn;0.216;
C255;s6;vbp;0.121;
C256;s7;s8;0.143;
C257;s7;vbn;0.216;
C258;s7;vbp;0.122;
C259;s8;s9;0.143;
C260;s8;vbn;0.216;
C261;s8;vbp;0.124;
C262;s9;vbn;0.173;
C263;s9;vbp;0.141;
C264;vbn;vbp;7.735;
C265;VGND;b1;0.161;
C266;VGND;clk_out;0.407;
C267;VGND;code[0];1.16;
C268;VGND;code[1];0.978;
C269;VGND;code[2];1.475;
C270;VGND;code[3];2.76;
C271;VGND;code[4];5.116;
C272;VGND;code[5];9.673;
C273;VGND;code[6];18.919;
C274;VGND;code[7];37.912;
C275;VGND;enable;0.455;
C276;VGND;s0;0.097;
C277;VGND;s1;0.091;
C278;VGND;s10;0.107;
C279;VGND;s2;0.093;
C280;VGND;s3;0.091;
C281;VGND;s4;0.091;
C282;VGND;s5;0.091;
C283;VGND;s6;0.097;
C284;VGND;s7;0.1;
C285;VGND;s8;0.091;
C286;VGND;s9;0.088;
C287;VGND;vbn;1.242;
C288;VGND;vbp;95.45;
C289;VGND;VPWR;3.241;
C290;VGND;VSUBS;68.448;
C291;VPWR;b1;0.126;
C292;VPWR;clk_out;0.25;
C293;VPWR;code[0];0.06;
C294;VPWR;code[1];0.04;
C295;VPWR;code[2];0.002;
C296;VPWR;enable;0.655;
C297;VPWR;s0;0.015;
C298;VPWR;s1;0.048;
C299;VPWR;s10;0.296;
C300;VPWR;s2;0.048;
C301;VPWR;s3;0.048;
C302;VPWR;s4;0.048;
C303;VPWR;s5;0.048;
C304;VPWR;s6;0.051;
C305;VPWR;s7;0.051;
C306;VPWR;s8;0.048;
C307;VPWR;s9;0.048;
C308;VPWR;vbn;0.154;
C309;VPWR;vbp;5.245;
C310;VPWR;VSUBS;18.745;
C311;VSUBS;b1;0.857;
C312;VSUBS;clk_out;0.679;
C313;VSUBS;code[0];1.93;
C314;VSUBS;code[1];2.739;
C315;VSUBS;code[2];4.586;
C316;VSUBS;code[3];9.089;
C317;VSUBS;code[4];15.164;
C318;VSUBS;code[5];29.872;
C319;VSUBS;code[6];59.372;
C320;VSUBS;code[7];120.135;
C321;VSUBS;enable;4.8;
C322;VSUBS;s0;0.76;
C323;VSUBS;s1;0.739;
C324;VSUBS;s10;1.832;
C325;VSUBS;s2;0.736;
C326;VSUBS;s3;0.736;
C327;VSUBS;s4;0.736;
C328;VSUBS;s5;0.736;
C329;VSUBS;s6;0.736;
C330;VSUBS;s7;0.736;
C331;VSUBS;s8;0.736;
C332;VSUBS;s9;0.733;
C333;VSUBS;vbn;5.413;
C334;VSUBS;vbp;33.004;
