code,sample,isp_sigma_pct,isn_sigma_pct,mirror_ratio_x48,idac_A
1,0,7.460240542801282,17.39123332722956,1.165985653236657,8.55094052e-06
1,1,5.834294492649165,18.24531589612469,1.1945019989913879,8.36849028e-06
1,2,6.138141867950361,14.019351659398735,1.1197109712199003,8.48537782e-06
1,3,7.200140148816462,20.89592183827699,1.1207335941206646,8.51704972e-06
1,4,6.299534356429144,17.3209899962781,1.1963794759012487,8.43150416e-06
1,5,7.563664802158521,19.873849873621673,1.2467906582641604,8.47006481e-06
1,6,9.396414481141097,26.217096970957062,1.256884252572963,8.34553808e-06
1,7,7.644464763174749,17.085026901416363,1.0401136491039702,8.44784839e-06
1,8,10.575085727481506,23.7532203639552,1.1571321071484006,8.47296118e-06
1,9,5.241154092182359,15.551175201316607,1.2426507995758298,8.68590225e-06
1,10,8.076146244022631,23.95491866302201,1.2234118278286776,8.58235681e-06
1,11,9.027496315942313,17.67323309308946,1.0325864840962697,8.61082132e-06
1,12,8.042349290078608,27.920997677016132,1.0981644727631614,8.50839077e-06
1,13,6.335045132049794,19.26810710929491,1.072339489632501,8.45590052e-06
1,14,8.821888439225976,12.30883851953837,1.1365225328241482,8.5141813e-06
1,15,6.8722853628885066,16.961491927302504,1.1369059215277137,8.54904316e-06
1,16,9.287629000060623,20.836735990238903,1.193593630105319,8.44727059e-06
1,17,3.786508038242071,19.943162538999967,0.9899391445416734,8.56495398e-06
1,18,7.2436221522505235,25.629507400132145,1.07858258051131,8.59601247e-06
1,19,7.492919035702003,24.029046020336246,1.0749385068311086,8.2488512e-06
1,20,8.677242746461857,13.986539393347563,1.1475389091320738,8.5545663e-06
1,21,7.7410990451858055,25.768295324862258,1.2712810887534562,8.52447535e-06
1,22,6.714325856912102,13.402846844482484,1.0608488107021279,8.30463186e-06
1,23,5.853247109046138,14.634598093465357,1.0941251114972883,8.36951969e-06
1,24,11.262382552539984,20.30646709769739,1.0826553359941862,8.56325755e-06
1,25,7.09451765683691,24.281389178674978,1.1003558795679904,8.27756709e-06
1,26,5.378779708812177,18.463724920548376,1.1536523865166244,8.52990664e-06
1,27,9.199571329119827,13.165487150954156,1.2243040468186228,8.33928331e-06
1,28,6.15792907885938,13.621001470881964,1.1990588624812086,8.49798445e-06
1,29,5.637088209812206,15.994700034863147,1.1608095666440321,8.52413529e-06
1,30,8.808812939045952,20.481195620319507,1.0180693229648323,8.4621424e-06
1,31,4.858654586489888,17.41383319264567,1.188740634762262,8.28075882e-06
1,32,7.973050276493543,14.87891926601664,1.2617571945316493,8.61588989e-06
1,33,7.92959961245457,24.421016898051775,1.169749680156706,8.61872064e-06
1,34,5.9011950635409365,14.054607092725607,1.054581798786417,8.33258438e-06
1,35,4.452761229479825,18.82088857397873,1.0738248079972157,8.5594592e-06
1,36,6.3575829965037025,21.760088280785116,0.9774665265482796,8.3420886e-06
1,37,6.625196643567211,16.15056590228975,1.2176074591404702,8.53718954e-06
1,38,5.730462243695723,16.4722795997291,1.0501319846047932,8.42310739e-06
1,39,7.688732919715273,8.248346164769163,1.1287332168530333,8.44246912e-06
1,40,8.10350822940069,21.575805368617875,1.1225597760971322,8.6328863e-06
1,41,7.142172829737805,16.39521777276463,0.9066190677317705,8.52956901e-06
1,42,7.0676636409161855,10.895110344512272,1.0451675598921744,8.53628593e-06
1,43,7.553190310994369,21.315102532638793,1.2184890621088509,8.51102317e-06
1,44,4.218498852326081,9.913829159491867,1.0015575840903748,8.24821599e-06
1,45,6.330088598404622,18.307285861407923,1.0894727230417558,8.58083599e-06
1,46,7.028781526493762,21.453165755853156,1.2514800924377565,8.6085603e-06
1,47,6.61898559174632,17.858708479415444,1.0695514613896184,8.56862355e-06
1,48,7.805758017600394,29.533825600630454,0.9920499420704694,8.54744539e-06
1,49,8.710947435029558,18.10611508274397,1.1797372574788112,8.57278445e-06
1,50,7.197194530349748,13.081656234326605,1.0171279124604333,8.4213805e-06
1,51,11.689027545207932,23.895564631205687,1.0425773526520048,8.510109e-06
1,52,7.627101632667955,29.138132918424322,1.061650998439842,8.53325022e-06
1,53,7.908688609627594,18.089644884983326,1.2247598329090943,8.42693619e-06
1,54,7.754351789282288,17.438666534418278,1.1264509310169581,8.59083761e-06
1,55,7.51717216463025,16.799520429254315,1.0333092322508843,8.34903026e-06
1,56,5.9766803064998735,20.477264713333017,1.127961446341555,8.3781621e-06
1,57,6.323299102466824,26.961233184412464,1.1179270780944481,8.64204597e-06
1,58,5.743337361184213,14.664900162547022,1.0370459735121527,8.22791891e-06
1,59,7.609361471102959,26.173865252965342,1.1478470139152352,8.28765807e-06
1,60,6.566725165247697,13.340627428024929,1.1276157296212954,8.36029155e-06
1,61,6.953608562632815,34.11049639363836,1.0944338726438863,8.55944806e-06
1,62,10.757205103419325,22.752695912275488,1.1114456615356751,8.32550663e-06
1,63,6.269198218652829,19.11599151769059,0.9619245553980063,8.45054521e-06
1,64,7.262801012236084,21.153269198044413,1.140435938472792,8.34351136e-06
1,65,6.127500571435485,22.00392104740052,1.064033170443928,8.34121366e-06
1,66,6.9541350482636135,24.405528819633084,0.9926302023454565,8.6489859e-06
1,67,9.152340054771281,20.85788328377832,1.0961189887222025,8.48053346e-06
1,68,6.336060305892344,15.120183635779537,1.0123055223441433,8.46017756e-06
1,69,7.752725719345978,24.015868982433062,1.18824719122661,8.55371426e-06
1,70,7.329697588450011,17.816046761268936,1.0349929767897974,8.44940537e-06
1,71,8.209182714910838,9.893084280026315,1.123194237040535,8.46091948e-06
1,72,7.280646546621082,23.51204933814411,0.954340780631397,8.39265321e-06
1,73,5.8830751307608145,8.730441840736827,1.226072128645474,8.35547841e-06
1,74,7.839953830333629,22.80843204197582,1.1372069318367137,8.55737526e-06
1,75,7.771511456196087,14.517527146885971,1.0904815000898584,8.31459471e-06
1,76,6.5854611975895665,24.063771255881182,1.0973633107068723,8.5121133e-06
1,77,7.759945731284808,16.51754624061975,0.9313643604212818,8.63226096e-06
1,78,5.260788526586006,21.21133574390412,1.1126758711431348,8.24544379e-06
1,79,6.096715182197639,13.353591578588688,1.1210588917887143,8.39116829e-06
1,80,7.482419954127897,19.643601289052032,1.0284533940326415,8.40462954e-06
1,81,4.506702580354423,27.57769954452152,1.1125188237552315,8.46093795e-06
1,82,7.895575000803489,20.167037099457396,1.081842427255098,8.33360186e-06
1,83,9.04330565563987,12.885697102937032,1.17337290481263,8.59676395e-06
1,84,6.597954851258099,27.215876635039727,0.8887220372149089,8.52864483e-06
1,85,6.095802212286037,13.266560896125757,1.095929926101583,8.29779209e-06
1,86,6.1830837783098005,16.30992147368527,0.969173639136267,8.32663126e-06
1,87,9.810266034961355,19.09388803482885,1.0880950055092986,8.34704267e-06
1,88,7.075565145639329,20.105852364154693,1.1041547234040947,8.68586991e-06
1,89,9.87270177233387,16.168958800808642,1.2981355605738714,8.39580025e-06
1,90,5.259829969604891,18.710372071426207,1.1507410151218518,8.51860551e-06
1,91,6.542503162651095,13.188401895292714,1.0704094169482212,8.43553794e-06
1,92,8.906869730385875,17.604196782400454,1.1999942854618446,8.48152531e-06
1,93,5.023411820251791,16.482101398466785,1.151571707470914,8.34889109e-06
1,94,6.172521330286137,16.39453684020555,0.8716261513406012,8.54195643e-06
1,95,8.968865476724734,30.616361861701584,1.003753437592581,8.41064257e-06
1,96,7.874649310145896,18.81917123588403,1.2737531553238852,8.37698869e-06
1,97,7.191419663995639,26.349860438444423,1.140267311868826,8.45350343e-06
1,98,8.472812369911011,12.879582232557496,1.1278030820486078,8.3539565e-06
1,99,7.730523118387806,18.750326222048294,1.2353931207243134,8.5203127e-06
1,100,7.894171120687442,16.762017571538298,1.2699708079508107,8.53049741e-06
1,101,8.604971393904089,21.80665906393714,1.085051074043346,8.39683569e-06
1,102,7.051473006327996,17.50450158012566,1.0780099508473273,8.5776414e-06
1,103,10.22784860804968,25.699452529963338,1.0966288024043385,8.68834744e-06
1,104,8.11437756519244,22.799039090195187,1.1491357491962875,8.49055502e-06
1,105,7.409508579837962,13.10793818005895,1.1408698385353828,8.32182446e-06
1,106,6.301192204369919,19.184673344628948,1.1689535587330415,8.46176635e-06
1,107,6.792383662647892,15.53232030985684,1.0609990147467196,8.4352929e-06
1,108,5.589390054250828,15.850098051097604,0.960421172777196,8.18284226e-06
1,109,6.2823845735002255,18.874208244917682,1.295051669677078,8.48182483e-06
1,110,6.0150226482429945,16.011718799186387,1.0624550476751788,8.55503028e-06
1,111,6.722163876168578,17.72269764162245,1.049930587017364,8.33541476e-06
1,112,5.579569528583808,29.50041995237043,1.1739174270388213,8.50392683e-06
1,113,9.28015798041215,18.248043967222745,1.1175675849547995,8.31225051e-06
1,114,9.738771311524987,23.575154870900153,1.143271393700001,8.35606335e-06
1,115,7.221583187193552,18.233391623086195,0.9553170268268049,8.5384935e-06
1,116,7.3666194139199,21.07466393834123,1.121028720314997,8.63985893e-06
1,117,5.520505844053311,18.534890606319014,1.2209702355934489,8.42042557e-06
1,118,6.639050689447072,24.56546577152996,1.023788116638897,8.49342464e-06
1,119,6.024893934416199,14.330400683021104,1.0718277174626298,8.41221973e-06
1,120,8.361247831372376,18.063455718369383,1.1691138055545611,8.408333e-06
1,121,7.641388021908178,12.020775049128332,1.279194125869675,8.57471476e-06
1,122,7.258018671230926,21.717213822360083,1.2073077756312023,8.43367108e-06
1,123,10.468139870904249,16.517247536719285,1.1219787743319178,8.37544238e-06
1,124,8.858045350843549,19.317092850665276,1.0708840549140048,8.46811231e-06
1,125,5.135175348226571,21.66313225985571,1.115323966031968,8.55096577e-06
1,126,8.269277755305158,10.410242581124736,0.9762332063725851,8.67103166e-06
1,127,6.654288399467293,18.04816783577229,1.1059349777119012,8.41030016e-06
1,128,8.465647141266759,15.586614949544728,1.193222496389307,8.5764003e-06
1,129,9.524750032890886,20.39900853493842,0.9906599199107298,8.51446639e-06
1,130,6.70399340856845,17.47260092440694,1.2052460092648019,8.43374111e-06
1,131,6.164324536436069,24.495991661095236,0.9830922556313741,8.67330111e-06
1,132,5.408072022766869,12.265767621870962,0.99927584971061,8.33650706e-06
1,133,8.529749676827498,22.276332662841863,1.259912543875152,8.49685944e-06
1,134,12.409186458885957,22.776611830070536,1.0873414695160677,8.53701819e-06
1,135,10.820842263646758,24.811770656764256,1.096685891106707,8.25848935e-06
1,136,8.341362291816889,24.524893175638024,1.2249121081406724,8.59487165e-06
1,137,6.793182012020639,19.387475956104655,1.2703147647324964,8.58710688e-06
1,138,9.236301730784087,16.194131720571562,1.0688977436923923,8.53762844e-06
1,139,8.867718839643663,23.288700924412094,1.1514777766434818,8.54058836e-06
1,140,6.6585740049786715,23.800231005392263,1.2261454889407069,8.55658261e-06
1,141,9.324688803779251,21.54101195101263,1.239624264244482,8.48351096e-06
1,142,6.4049959469628055,11.472254253164023,0.9884649524626978,8.38185241e-06
1,143,7.4945077002514795,10.862953335171692,1.0727528401804658,8.44839009e-06
1,144,6.517339738662996,19.09985390196739,1.1219098569576709,8.56878246e-06
1,145,6.953626135642479,16.53009269271003,1.0518813037516048,8.41749637e-06
1,146,9.51118621314881,24.15349341715415,1.0042148046190156,8.61862584e-06
1,147,8.12109746508077,13.884079821912144,1.310023918606517,8.46729511e-06
1,148,5.859631525706866,22.132375025688386,1.1082019024351921,8.39855784e-06
1,149,8.22599180360977,10.345490936698692,1.0930910717075422,8.45012519e-06
1,150,9.534435460907982,13.564016904947849,1.0028058028654718,8.47580359e-06
1,151,6.599959868364989,14.449559831249335,1.0739088021405923,8.47019486e-06
1,152,8.531023792326188,18.28984160502953,1.0659384580798976,8.26585877e-06
1,153,7.28973012830507,21.488243621737467,1.0916165987718809,8.44399893e-06
1,154,6.84699751269133,20.33890103747235,1.0501482061039344,8.38912816e-06
1,155,9.91713071326566,15.934531587930133,1.1652860973793653,8.28438609e-06
1,156,6.819349870864333,15.153143411762095,1.074431909018289,8.34798105e-06
1,157,6.384609268752535,11.138564898955353,1.063599226278146,8.33158837e-06
1,158,7.0675722303742265,29.764745741074414,1.0441594633275086,8.53054493e-06
1,159,5.5691783057067115,18.434781375108198,1.2354351403758346,8.66996413e-06
1,160,6.9238985276391745,19.554536378978927,0.98200355722082,8.15570398e-06
1,161,6.490628718423657,18.869804423505414,1.1764384423210732,8.44768596e-06
1,162,8.216995361283452,17.322734371143113,1.0257477282109897,8.27719472e-06
1,163,8.088204674610934,21.10630474494076,1.259642409899232,8.49318981e-06
1,164,6.754282278352197,11.548435511082737,1.189244317439282,8.32076063e-06
1,165,9.711294182019985,18.400155032262084,1.0230505547546678,8.46383595e-06
1,166,8.393751541288632,12.072163281072578,1.1407488417432365,8.61548606e-06
1,167,7.2162443657398345,21.918496490331773,1.2697005234014425,8.43357248e-06
1,168,8.850028272905972,20.05306963852149,1.1822743676911247,8.59596664e-06
1,169,6.7482678312795485,23.14168452704058,1.1176733089013429,8.35494218e-06
1,170,8.920091755618072,24.983643622183337,1.1066559649778813,8.63562146e-06
1,171,9.452704261546339,15.80194310933956,1.0617961159598557,8.39852133e-06
1,172,9.91080139085586,19.672768945748324,1.2327598625112017,8.44056253e-06
1,173,7.0516208906790805,15.918239293047526,1.063924217074732,8.39450203e-06
1,174,6.921457677315103,15.41481611306959,1.1232466520752733,8.39758501e-06
1,175,6.631120783152832,15.308905706590313,1.2813075952647053,8.5930198e-06
1,176,9.821862364109508,11.931735436664498,1.1968168475737386,8.38185309e-06
1,177,4.164494998511178,22.24417084630218,0.9336813490487428,8.48642902e-06
1,178,7.27736044015563,17.554680233196112,1.1476146820083075,8.30762505e-06
1,179,8.557052931652498,26.42270225858965,1.0949118148462351,8.5116368e-06
1,180,7.313927971407742,24.789267746988934,1.2371599379180855,8.52126429e-06
1,181,9.708668722244171,18.81765869380785,1.0352426683859406,8.3855546e-06
1,182,7.844900102586379,21.871596362598158,1.042986723997051,8.72748149e-06
1,183,7.1699322147166535,29.754599774408444,1.098395616713004,8.46489496e-06
1,184,5.998540947795965,16.474133318406537,1.2497371587285875,8.34441634e-06
1,185,7.6073572201005195,13.122502001416272,1.2547745777089778,8.60392196e-06
1,186,8.320375281134442,9.404637441786972,1.1902291289842108,8.50584271e-06
1,187,5.4260665521264775,16.1241271776698,1.1692812693249124,8.59667552e-06
1,188,9.842010434097329,22.037170255464403,1.0720330048088171,8.44721027e-06
1,189,5.960394157612562,15.758305304617831,1.0858089996636324,8.24190559e-06
1,190,7.233013753136161,18.561498176997024,1.0096264573811053,8.48530968e-06
1,191,6.284930909791003,26.17594509187707,1.1784033073630387,8.49142464e-06
1,192,9.138074260759309,18.799024138840203,1.1762249496407553,8.5774718e-06
1,193,6.2907652721576754,20.961960537899735,1.0127384326319717,8.4192964e-06
1,194,6.816868092523796,16.310945247432844,1.1576859475857573,8.49284272e-06
1,195,8.979870157237842,19.43532586965767,1.0469783777841846,8.53611774e-06
1,196,5.241344703858401,15.827487773653365,0.9840048018055967,8.50924911e-06
1,197,6.6222655823742445,21.241714608764266,1.1102280143188568,8.53370354e-06
1,198,6.886070948887004,19.1940557516854,0.9811207276019889,8.47710932e-06
1,199,6.6701322382348165,16.24309717603675,1.2099359865746284,8.56925554e-06
16,0,4.535562797171602,11.821576593726995,1.1325549231256191,5.00358632e-05
16,1,3.4684534037400474,12.041129518857836,1.1403652096487398,5.00380208e-05
16,2,3.7509660708598065,9.007650831047215,1.0978919205434352,4.98255318e-05
16,3,4.374458301340106,13.709730431288733,1.0962305165482984,4.99871514e-05
16,4,3.9026714250144376,11.321409104084049,1.1394496371320084,4.98957208e-05
16,5,4.593370689381907,12.7717901693635,1.1679353377939705,4.99444513e-05
16,6,5.726262581347599,16.375014883251097,1.1783133262652696,4.98748574e-05
16,7,4.5812077674994045,11.322513535067023,1.0565949044573621,5.00684418e-05
16,8,6.367752408587462,15.53811292730662,1.1271728782008354,4.99255699e-05
16,9,3.165452528765534,10.483938344846017,1.1770855639013558,4.98194289e-05
16,10,4.901815413245108,15.300402040181126,1.1648750660809248,4.99714933e-05
16,11,5.364966560514125,11.590749783034285,1.0458492086593891,5.02179712e-05
16,12,4.964689069703607,17.829702176621577,1.0900218967470545,5.00880335e-05
16,13,3.8606747336056926,12.215911012502882,1.0731526828503286,4.96963299e-05
16,14,5.373649465005442,7.894557990889298,1.1071664601379978,4.99398787e-05
16,15,4.126534630052389,11.17082946613611,1.1142654248531996,4.99357767e-05
16,16,5.698586477155751,13.321192067293302,1.1483433252047424,4.98645662e-05
16,17,2.2034435986159275,13.915494358743677,1.020852966569557,5.01649977e-05
16,18,4.498010294442819,16.4429986889005,1.074389694545501,4.99533058e-05
16,19,4.480975148643913,15.316996020162751,1.071239668547959,4.97081507e-05
16,20,5.178184779660017,9.152073821430138,1.1165033298353921,4.99864499e-05
16,21,4.673731813711549,16.542085171877368,1.189376400158412,5.01499951e-05
16,22,3.884443123225897,8.520941272796064,1.0610886286354435,4.95810364e-05
16,23,3.5355019782739756,9.414382708545688,1.0874550308309778,4.99899164e-05
16,24,6.823823282350576,13.200742734016103,1.079793737964364,5.01026181e-05
16,25,4.277851667031989,15.076414846180416,1.092386905858128,4.98763345e-05
16,26,3.114842225175122,12.188326907595371,1.1202889493921533,5.01042203e-05
16,27,5.455049664329784,8.593468754319206,1.1650059215742206,4.98759264e-05
16,28,3.8464599410289515,8.972848101805278,1.148241894617033,4.99903708e-05
16,29,3.3019028411583213,10.271452466348043,1.1288004944023664,4.98345511e-05
16,30,5.182924188717017,13.851422246444042,1.0423547742305144,5.02184738e-05
16,31,2.9403247036045546,11.220609532830622,1.1406743755358708,4.97665295e-05
16,32,5.026088195406874,9.926500442024562,1.184376361531755,4.99038122e-05
16,33,4.685268734303108,17.07552696361047,1.1309279835925565,5.00837077e-05
16,34,3.5871402057957393,8.941658463676783,1.0620310522558263,4.97679012e-05
16,35,2.807294065243406,12.520302083280214,1.0724190594955376,5.0026004e-05
16,36,4.020229152791547,14.048644612938835,1.0124122199742178,4.97813849e-05
16,37,4.110572931319315,10.259607283133757,1.1622156081502617,4.96912579e-05
16,38,3.66447210593067,11.193757308413085,1.0639702786427252,4.98926609e-05
16,39,4.61319822016856,5.075719596922129,1.1059738864332083,4.98879303e-05
16,40,4.971572360730644,14.273922593994676,1.1039549588797637,5.01512926e-05
16,41,4.461077201843244,10.749568260304397,0.9671613339697755,4.97591004e-05
16,42,4.463435219502073,7.057854296339324,1.0601783526034882,5.01885693e-05
16,43,4.564742479309467,13.548805509435823,1.1578602694033808,4.99564703e-05
16,44,2.5244052240860886,6.637672639263065,1.0338764011917385,4.97405427e-05
16,45,3.7849013417521187,12.141058809831428,1.0843605462797725,4.99695529e-05
16,46,4.2291490620214365,14.171332580262758,1.1774798100229629,4.99963793e-05
16,47,4.108121214387625,11.638067296767195,1.0729501275906579,4.99282636e-05
16,48,4.781339386165503,19.662369445946617,1.0228287204968012,4.98958862e-05
16,49,5.172661235958222,11.65590081295806,1.135360885650274,4.99492512e-05
16,50,4.609446416664402,8.428604090123283,1.0366020813082573,4.98768309e-05
16,51,6.931765988418602,15.739784882641159,1.0517747809828892,4.98834199e-05
16,52,4.491414575787522,19.517854271527728,1.0662497376078042,4.99576596e-05
16,53,4.864896303254675,12.05891037081955,1.1618276172919284,4.97120291e-05
16,54,4.6932881241615165,11.127932519995266,1.1023804437914928,4.97716436e-05
16,55,4.5427082845024405,10.757845509944364,1.0506533005720577,5.00457927e-05
16,56,3.5393788956251386,13.386985774462328,1.1061169728227531,4.98061196e-05
16,57,3.7646186242985236,17.0384529366426,1.097867606608781,4.98452539e-05
16,58,3.5367278223536265,9.832295376542149,1.0530511132633942,4.98160366e-05
16,59,4.640126712937576,17.692779427788725,1.11451034866159,4.97803214e-05
16,60,4.146833272141577,8.707136684995653,1.1086805088186011,4.98579414e-05
16,61,4.010080406214273,21.495242164421757,1.0797997949094085,4.99764515e-05
16,62,6.555599670075414,14.737433482771701,1.0964469688189582,4.99820888e-05
16,63,3.6863497620041494,12.731934828139655,1.0076878109766143,4.98298724e-05
16,64,4.383578613588563,14.056443766484783,1.1095756425727181,4.98978117e-05
16,65,3.7002825230668837,14.60166219804497,1.067966114644688,4.99400164e-05
16,66,4.099939938674806,15.951828365618168,1.0219802238749875,5.00487532e-05
16,67,5.431627086711859,13.267363118640725,1.0890099065631205,5.02349396e-05
16,68,3.8269618556858003,10.237619442726787,1.0399744660127939,4.98532403e-05
16,69,4.745555453742742,16.111364188203886,1.144757430299618,4.98443931e-05
16,70,4.452301559608033,11.26316437188808,1.0539270241030392,4.99460418e-05
16,71,5.219270707264828,6.444251982811175,1.0971131863313124,4.99108694e-05
16,72,4.318664757784461,15.220675385300737,1.0024746898967192,4.97494414e-05
16,73,3.3634397038799113,5.5874861741934865,1.1621036439776575,4.98529072e-05
16,74,4.697298496412986,14.671959046164867,1.1091501922503093,4.98360447e-05
16,75,4.741783154750584,9.470938951538763,1.086244004819544,4.98084465e-05
16,76,4.027377047731701,15.900957125680895,1.0847102020355066,5.00294387e-05
16,77,4.754305085904551,10.85086202917519,0.9886911003704695,5.00118065e-05
16,78,3.2871278690300727,13.943617545047843,1.0916997525257686,4.98964677e-05
16,79,3.763726051638395,8.874404278529134,1.1010770304329445,4.98594082e-05
16,80,4.519454786082015,12.661791439253653,1.0489235693330028,4.96229452e-05
16,81,2.7787208162101504,17.654385528628328,1.1011622494991449,4.97687373e-05
16,82,4.862898634253241,13.465229187389633,1.0761785604779173,4.9771977e-05
16,83,5.602665727680236,8.431794119191355,1.133140887535984,5.00327545e-05
16,84,3.897089421506752,17.144922519105855,0.9556934838964476,4.99428742e-05
16,85,3.653401527166319,9.13041187527239,1.085798786053025,4.99007298e-05
16,86,3.7112549037958145,10.733040713010496,1.012675760108052,4.99298026e-05
16,87,5.798522760457104,11.75719292193918,1.088175668497931,4.99479332e-05
16,88,4.201386050856175,13.562778153654014,1.0918724363795025,4.99284606e-05
16,89,5.789565680607393,10.328750223396591,1.2002892397722513,4.97500046e-05
16,90,3.1209771771999577,12.534689868046602,1.1245167855190807,4.98618956e-05
16,91,3.861031618946713,8.922887253524856,1.0726918770900877,4.9735354e-05
16,92,5.55256214788562,11.721766687055494,1.150958821903301,4.98685312e-05
16,93,3.107062991746196,10.724634279060801,1.1196722682802427,4.96898134e-05
16,94,3.682634068220011,10.41252328304469,0.946030966231127,4.99255009e-05
16,95,5.48349183044367,20.43567432020439,1.0330303601091824,4.97116427e-05
16,96,4.947087477827482,12.42262138194381,1.1860258249053823,4.97696383e-05
16,97,4.406226646659869,16.864834585881066,1.1130423541851306,4.98805937e-05
16,98,5.157773769388155,8.353931135594538,1.1029949902630385,4.99478719e-05
16,99,4.579402499797945,12.546900628085167,1.172692715921475,5.0029403e-05
16,100,4.66220225432952,11.057592029129417,1.189497975486758,4.97674443e-05
16,101,5.081688428325037,14.138811934864027,1.0786746783573666,4.99057209e-05
16,102,4.376516993098596,11.46272194513496,1.0757735641552637,4.98518316e-05
16,103,6.0131845737004435,18.38915115867157,1.0845086990137536,4.99401613e-05
16,104,4.951291672535217,14.620380557383339,1.1184291824610861,4.99388669e-05
16,105,4.485563960360181,8.896217434508333,1.106736830464974,5.01018486e-05
16,106,3.878831662588984,12.5715542843335,1.1310957873373844,4.98625072e-05
16,107,4.240187182263506,10.152267310378749,1.064695141461474,4.98180798e-05
16,108,3.4148839131278366,10.529789063712478,1.003968326780623,4.97451674e-05
16,109,3.616407613023296,13.121329219291587,1.2008635462645292,4.98343653e-05
16,110,3.62608389839695,10.759999716227009,1.064850033608872,4.98832568e-05
16,111,3.9749233182793615,11.257555661840366,1.0605556995617236,4.99897569e-05
16,112,3.349326997241574,18.954723765313535,1.1299738657794465,5.0014501e-05
16,113,5.741854365216902,11.536202776384398,1.0994361510268755,4.98928815e-05
16,114,5.756972283747672,15.623133755796598,1.115050597515676,4.97781752e-05
16,115,4.489276524170415,11.95590615592667,1.0002753878005959,4.98612501e-05
16,116,4.597704411034984,13.996800437094201,1.1009164105549458,4.99245341e-05
16,117,3.258962846317026,11.982128008322443,1.1582245283018906,4.98977461e-05
16,118,3.8140707400375438,16.0782506152636,1.0466734300365312,4.988046e-05
16,119,3.776976636005466,9.186838640468025,1.0727415021156532,5.00551764e-05
16,120,5.128549021928259,11.537180459228031,1.1323027471533869,4.98728468e-05
16,121,4.6644169998676315,7.982453692795526,1.196579300361278,4.98607823e-05
16,122,4.441011881814102,14.057123784781274,1.1554276753726582,4.9795362e-05
16,123,6.351336225618013,10.576678193697049,1.1021961241321772,4.98389132e-05
16,124,5.492003237912352,12.264224774859922,1.0716577995813183,4.97646802e-05
16,125,3.003421950578196,14.094906370734389,1.101909018684459,4.99432985e-05
16,126,5.008283146330172,6.683065064775263,1.0176024839719648,4.98896452e-05
16,127,4.07622898695757,11.999199260022202,1.093689094807445,4.98002284e-05
16,128,5.173974044175493,10.311446655849453,1.1514019747088868,4.98536775e-05
16,129,5.8110354737715015,13.606857572137685,1.022043039919591,5.0089917e-05
16,130,4.117400833583628,11.485789065115421,1.1433345822178842,5.00769533e-05
16,131,3.672126735922722,16.632587602498354,1.0162347964694258,5.01277316e-05
16,132,3.120949546788326,7.916876205915621,1.0230923709846782,4.99487108e-05
16,133,5.19990655034238,15.07650892958146,1.173902750460234,5.00225956e-05
16,134,7.79701059110935,15.230181621742537,1.0859196965405484,5.00116636e-05
16,135,6.663774275506126,16.06127434316206,1.0872496965382439,4.99052177e-05
16,136,5.067435575860011,16.131995254983536,1.1612489977871092,4.98440755e-05
16,137,4.050559550523436,13.30201522683784,1.1912206836715562,4.98722752e-05
16,138,5.53912642923867,10.479567691110386,1.0683489725215232,4.99096878e-05
16,139,5.372056877190655,15.139830025006551,1.1184705918199176,4.99486383e-05
16,140,4.138881640471437,15.402508732150332,1.1658144028486987,4.99839202e-05
16,141,5.665992836649107,13.73390249264614,1.1672655241037444,4.98781983e-05
16,142,4.003485755476082,7.119108863768089,1.0186472172031171,5.00623782e-05
16,143,4.506324458619929,6.7964230507170775,1.0751721123016624,4.97423625e-05
16,144,3.9670704502854073,12.709101343311069,1.1005457579343334,4.99824158e-05
16,145,4.053181515583356,10.971495427200285,1.0635626168119923,4.99624965e-05
16,146,5.830327645479503,15.938114365381058,1.031278940872764,4.99886229e-05
16,147,4.898496315584382,9.328716350408076,1.2186943484172095,4.99018152e-05
16,148,3.63335960377676,14.638860969598545,1.0935643240687862,4.97147096e-05
16,149,5.002874861992447,6.680215963344174,1.0834015171924698,5.01826245e-05
16,150,5.7634333137781635,8.85958494538113,1.0338403211567262,4.99997873e-05
16,151,4.241895851276033,9.129314274197366,1.068249587778563,4.98186124e-05
16,152,5.295199919374286,12.126400874677929,1.0717797064956587,4.99902384e-05
16,153,4.344521391091725,14.04215239200682,1.0837897629158082,4.97835976e-05
16,154,4.061958233350994,13.220862742864234,1.0566613311564923,4.978468e-05
16,155,5.864392500046786,10.421733781726937,1.1337115259747441,4.96928054e-05
16,156,4.05853449288229,9.489532041371906,1.0747748727946906,4.97986682e-05
16,157,3.957970587439074,6.974328160084255,1.0703297370085616,5.00150046e-05
16,158,4.286662794642414,19.12101100272047,1.0583368851041286,4.9652228e-05
16,159,3.3466136263715858,12.089191086298863,1.1681473881253557,5.01441102e-05
16,160,4.066983432039253,12.438298587933186,1.0107829609716146,4.9777181e-05
16,161,3.9570526699859134,12.425925287252271,1.1426625768248728,4.98257578e-05
16,162,5.113438082808481,11.37501373346124,1.0434418132402028,4.98314034e-05
16,163,4.9508992201596165,14.444987852429389,1.1762720899638626,4.98204131e-05
16,164,3.9468627438206014,7.482898064865511,1.1409886788034145,4.98039139e-05
16,165,5.692805504708441,11.963881887715504,1.043464575920864,4.9774519e-05
16,166,5.077928301095818,8.015266153503541,1.1157881792145534,5.00151993e-05
16,167,4.398958388175608,14.386358052257666,1.1867216681664812,4.96630336e-05
16,168,5.429520305443234,13.05258662212645,1.1340329166129295,5.00071986e-05
16,169,3.9893335702222887,14.969744647939946,1.1027261588132777,4.97977078e-05
16,170,5.5017028627430955,16.767638601768418,1.0884467655373595,5.00685208e-05
16,171,5.781844126527215,10.09663320123657,1.0758250236675297,5.00137743e-05
16,172,5.834153097072579,12.850022377650355,1.1687435479624941,4.96790742e-05
16,173,4.443952871988531,10.552227056921735,1.0669886811111238,4.99628105e-05
16,174,4.1055764116456475,9.959426728564106,1.1025079823510628,4.99482542e-05
16,175,4.028148780508872,9.762497478353573,1.1975332963570038,5.01547887e-05
16,176,6.042658961789758,7.520154793878037,1.1469478332837921,4.99162625e-05
16,177,2.635982074624349,14.487913021211122,0.9905516623704701,4.98028096e-05
16,178,4.267392095002031,11.463626171102508,1.1124493709536467,5.00558263e-05
16,179,5.276606654842907,16.846151596520723,1.0833979960825109,5.01352279e-05
16,180,4.563019224152981,16.492719345692528,1.1693141288651772,4.98552312e-05
16,181,5.680111252111269,12.661932140992725,1.0475798695829748,4.98483384e-05
16,182,4.791716057164225,14.230560523124316,1.0509529715609496,5.00231402e-05
16,183,4.3111546878722,18.889347031729837,1.0870633784832586,4.98325447e-05
16,184,3.8027045231541967,10.702112785456734,1.1781168739425039,4.96639976e-05
16,185,4.662621684589947,8.866110018377897,1.185734103421294,5.00499016e-05
16,186,5.0668869877009906,6.1405489078960445,1.1486464692407155,4.99473614e-05
16,187,3.3264099278147823,10.824571185333514,1.1362366792651928,4.99160245e-05
16,188,5.995142452963318,13.768929867847273,1.070358892280829,4.97991959e-05
16,189,3.525022583620346,9.999497260659096,1.0794713890950771,4.99013769e-05
16,190,4.602281290004192,12.63672489759595,1.0307305660515254,4.99596004e-05
16,191,3.7372577076146256,16.487037711510382,1.1425568140296416,4.98328453e-05
16,192,5.628719963318735,12.031649075841662,1.1335262514094722,5.00112804e-05
16,193,3.9024676193327923,13.312867290836655,1.0386642238461818,4.97733395e-05
16,194,4.030861654183737,10.750909402855603,1.1248016562626888,4.97364582e-05
16,195,5.581699085906096,12.58119252940594,1.0506664331149234,4.98367792e-05
16,196,3.174212061803669,10.591413943839328,1.014342532208996,4.97838631e-05
16,197,4.137573262173834,13.559373249270124,1.096684255582626,5.01121465e-05
16,198,4.223818630997334,12.14131110339823,1.0157496645474868,4.97378149e-05
16,199,4.155486536537074,10.621320258190467,1.1514786778880062,4.99566272e-05
255,0,1.7031221675181507,5.496074500896128,1.0595223730862156,0.000569631761
255,1,1.2240381460591152,4.8172637815414925,1.0492772398812007,0.000569162284
255,2,1.4758734076242472,3.6979419158264135,1.0364926083256698,0.000569017967
255,3,1.695530940065027,6.188939710889406,1.0322058469399908,0.000570753318
255,4,1.6567281417750723,5.218906688738436,1.04588597856242,0.000569586118
255,5,1.7153698073675414,5.4883068118677585,1.055314332624526,0.000568960143
255,6,2.145816490440167,6.5621660286752395,1.0652802174170215,0.000569495061
255,7,1.6376294942197733,4.791713362806577,1.0322347189668166,0.000568780929
255,8,2.4099667469840815,7.024707384626276,1.0580066672300892,0.000568466057
255,9,1.1614360002575093,4.770289947838837,1.0747191950555828,0.000567880403
255,10,1.8568907154526786,6.29711659248078,1.068963369584021,0.000569493014
255,11,1.913306815515467,4.754636497975361,1.0190289782892583,0.000570157674
255,12,1.9099891234647361,7.225857044393905,1.0417268282802075,0.000569181598
255,13,1.4993381887680852,5.011761793379465,1.033783337414686,0.000568124551
255,14,2.0039166613057353,3.1489099178830657,1.0385045170075298,0.000569619263
255,15,1.4760606582026554,4.60575111890257,1.0509910251156793,0.000570029297
255,16,2.1807811597770215,5.363733142970879,1.064105583826606,0.000569422893
255,17,0.7651950950960289,6.247236014666928,1.0128254434394506,0.000569698072
255,18,1.8380417990968956,6.560831039028856,1.0302159778024345,0.000569135201
255,19,1.6112474807897523,6.542464862077184,1.0268154185767209,0.000570129329
255,20,1.7946201379707514,4.155780946324804,1.0457358732274282,0.000570330499
255,21,1.7137898479680331,6.705818889453213,1.0732691264280774,0.000570067864
255,22,1.2440158909686436,3.4285470160317995,1.0213712941568893,0.000568629813
255,23,1.3155650058663446,3.867522957160081,1.0399214671482833,0.000570072766
255,24,2.539134179674751,5.444447029456897,1.0363904765363061,0.0005700573
255,25,1.6717679940954633,5.932704465496098,1.0435745605521745,0.000568843809
255,26,1.0022182844490972,5.464338927796541,1.0479030301111505,0.000568789927
255,27,1.9304063352055447,3.7939671054217703,1.068917550554886,0.00056815725
255,28,1.554860939749426,4.090989212501393,1.059559376313933,0.000569133317
255,29,1.0831983763380444,4.130096694321945,1.057396373070465,0.000568330479
255,30,1.758123530361706,6.305796332797485,1.025969884111471,0.000569540493
255,31,1.2051562270941274,4.8504280612178,1.0542964556247658,0.000570029488
255,32,2.1078725275423253,4.503899344038274,1.072019883000038,0.000568611979
255,33,1.7300775381155304,7.252556923969174,1.0532033190672676,0.000569318139
255,34,1.3011915268241785,3.689469389103752,1.0289153153330486,0.0005689873
255,35,1.2409193179377258,5.358892022847074,1.0308864307270187,0.000569464894
255,36,1.6992915462555336,6.049384786334226,1.007719821927408,0.000569618709
255,37,1.7223255311511931,4.371668413328981,1.0686684829682784,0.000569009387
255,38,1.710814685324337,5.42761430521634,1.0370977529717396,0.000568643449
255,39,1.637960733004432,1.9048670526637204,1.0430587031933793,0.000569313611
255,40,1.9014455433809214,6.011873408406389,1.0451736855145735,0.00056968395
255,41,1.8554013102047442,4.855377334058723,0.9916719707747128,0.000570227826
255,42,1.9070794925605525,3.044383155066877,1.0345429259947432,0.000569006511
255,43,1.6531927314536332,5.459234338234905,1.0609502892007106,0.000568510533
255,44,0.9701612172367772,3.245638050173963,1.0249353741278986,0.000570354779
255,45,1.3735312271251796,5.526762016867079,1.0392659307049512,0.000568569974
255,46,1.5099683543445204,6.1767584188684665,1.0675728883584785,0.000570521766
255,47,1.7042133248508382,4.95797536293088,1.035639228941786,0.00056993829
255,48,1.8389546785282662,8.519721996566863,1.0144032387476463,0.000569656238
255,49,1.6779222850124287,5.130579739875055,1.0527880022210305,0.0005694654
255,50,2.015140622704123,3.36813392739055,1.015886950579532,0.000569936084
255,51,2.498212398443485,6.717236091883315,1.0209744198834212,0.000569282472
255,52,1.5069529659969056,8.446577991600723,1.0301986785515118,0.000569461017
255,53,1.8705071509302742,5.053807177104482,1.0621165781113553,0.000569730743
255,54,1.6729326095211043,4.912860759236874,1.0390150918190741,0.000568796575
255,55,1.6866525329262112,4.4973373212958565,1.0273608121912363,0.000569045096
255,56,1.1929663205115095,5.614557036517573,1.044248787777923,0.00056913664
255,57,1.413132369385831,7.281014933373801,1.037895399066806,0.000569525244
255,58,1.3985704276922784,4.36345470367722,1.0282869073183514,0.000569043707
255,59,1.7584413903535434,8.011424400506748,1.0421612393806061,0.00056969941
255,60,1.8219546105874833,3.616979355459997,1.0488754201185482,0.000570342588
255,61,1.2784164554852802,9.228138579112008,1.025411905159133,0.000569775517
255,62,2.4059449870573437,6.294607643808988,1.0420143346344808,0.00056827539
255,63,1.376985994619428,5.666338676366596,1.0146654359499463,0.000569508798
255,64,1.5526293849819965,6.070280771695851,1.0399473806005117,0.00057007112
255,65,1.4645734290167303,6.145264232818447,1.0314256939268172,0.000569461239
255,66,1.3258404975057259,7.059744625492306,1.0124724258894555,0.00056890049
255,67,1.8750966972858283,5.57725789125323,1.0411716350611209,0.000570187853
255,68,1.4824654116485392,4.907512640818562,1.0269782813752029,0.000569312151
255,69,1.9160887508791362,6.86588015446937,1.061633999160637,0.000569060072
255,70,1.7194092445002385,4.467770087363482,1.0325570176347185,0.000568213723
255,71,2.2105491548285157,2.956618762839929,1.0324167487241955,0.000568603118
255,72,1.4169442652008233,6.609462990322461,1.0119539320164324,0.000569137652
255,73,1.0153496604581178,2.268984773942085,1.0620998533394113,0.000569120175
255,74,1.6578794999148259,6.204404024952104,1.041749008850922,0.000569840867
255,75,1.7318762728401753,4.1751122469035336,1.040741826824929,0.000569456571
255,76,1.616326901593535,6.738384790547971,1.0319673651664263,0.000569866672
255,77,1.7662122849042565,4.837986161385572,1.0095952650362745,0.000568909955
255,78,1.465942813403468,6.127220512415751,1.0319671789730283,0.000568891888
255,79,1.488754842339751,4.181135845986192,1.0405874367696166,0.000570025605
255,80,1.7335663594503736,5.2101746546267735,1.0291179390972522,0.000568756736
255,81,1.0967839678734936,7.223209186005595,1.0491678086979546,0.000568937273
255,82,1.966556364103788,5.961388697542401,1.0301161981879536,0.000569793481
255,83,2.183169599663248,3.358729135558043,1.0544497848497494,0.000568412538
255,84,1.3629951819842794,6.5582577272880584,0.98795818797929,0.000569920506
255,85,1.300867305861303,4.781941771923843,1.0354493746986626,0.000569803275
255,86,1.360741565317689,4.574820313635051,1.0166630981139415,0.000569376483
255,87,2.0859126967237365,4.803160805231476,1.0463736843959808,0.000570234937
255,88,1.3501640857189805,6.121921570920895,1.039595602540059,0.000568735323
255,89,1.8607827830388757,4.410669622031625,1.0704036434219066,0.000570115472
255,90,1.1042056202577313,5.89067709186133,1.057688193950948,0.000569781717
255,91,1.3522370177772107,4.426867180312932,1.0344274190213376,0.000569108715
255,92,2.2702419966364498,5.276970686901987,1.0633847965707528,0.000569213186
255,93,1.355007095459433,4.520789889945129,1.048078830683347,0.000569067958
255,94,1.2844436359888964,4.350320001303687,0.9877648738738323,0.000568737529
255,95,2.1186533955448645,9.161053509769735,1.0222171823698034,0.000569337659
255,96,2.1064227692804485,5.4788860321216655,1.065202495361333,0.000569512231
255,97,1.679455285868467,7.2284016090748135,1.0460353515161611,0.000569922317
255,98,1.9973133656735336,3.7013151092334082,1.038623049694148,0.00056990292
255,99,1.5027811972517944,5.644155564611043,1.0735799520819647,0.000568527065
255,100,1.6749661009822858,4.775528334934581,1.0742552831397922,0.000569500736
255,101,1.7885312332935455,5.69498282746684,1.0320128805687234,0.000569958063
255,102,1.7172717500142938,4.833705266824111,1.033100821035443,0.000569569443
255,103,1.9701903404144105,8.170990426823582,1.0324954309934924,0.000569321798
255,104,1.8385591029928088,6.208316599478387,1.0486211230720923,0.000568647342
255,105,1.7691125564583414,4.088573787303408,1.0346400681169472,0.000568753616
255,106,1.5624826749792224,5.411488952428039,1.0542348746823638,0.000569786282
255,107,1.7684843438877194,4.223633023058844,1.0281550570404179,0.000569668425
255,108,1.4672001479118137,4.385204807230003,1.0080715831920362,0.00056940294
255,109,1.0621809666097148,6.162425034844793,1.0741756313792148,0.000569383845
255,110,1.4434474549015213,4.778611443758957,1.027037846067466,0.000569863197
255,111,1.4138249348878646,4.596518158574233,1.0301951214033263,0.000569454084
255,112,1.1870536940461927,8.412163580669468,1.0476945974140537,0.000569811259
255,113,2.293545090860837,4.679320562544334,1.0405173840039021,0.000570988971
255,114,1.9492912182797273,6.4701411808951415,1.0472284437270885,0.000568790129
255,115,1.7959484290774756,4.885823863503409,1.006883273375879,0.000569814329
255,116,1.7822832715529535,5.908866380151705,1.0404827552817668,0.000569706786
255,117,1.110363313666377,5.214023478368009,1.0588542121094617,0.000569878566
255,118,1.1907375272284568,6.808915348033653,1.0287792310878432,0.000569479148
255,119,1.5693203427483164,3.815929410585917,1.0334507470572878,0.000569405328
255,120,1.878916758114591,4.735135680341604,1.0564033054687672,0.000568747894
255,121,1.7922318133062463,3.6375603933445326,1.0792969820902925,0.000569587253
255,122,1.6605145921422686,6.2878745689708415,1.0649856280398158,0.00056890987
255,123,2.3180122508767345,4.492320425043476,1.0418842638730341,0.00056994183
255,124,2.2487511997218803,4.867636461843637,1.0314970908805785,0.000569360779
255,125,1.0490060990654926,6.018109703231373,1.047098808639315,0.000569895086
255,126,1.8209066196850412,2.7270980124006496,1.0204750583417288,0.00056877814
255,127,1.6603517506311272,4.902103644791001,1.0408708497228116,0.000569495456
255,128,1.975554201120826,4.5137836354235485,1.0701962572817258,0.000568068298
255,129,2.1823402405961736,6.101228177056046,1.0137033223380993,0.0005700955
255,130,1.6379059258590247,4.914959476161582,1.0460899135639028,0.000569766471
255,131,1.3097168521969116,7.359494078461638,1.0107585541774833,0.000569441014
255,132,1.043716448030749,3.366537200328596,1.0067971462783478,0.000569880247
255,133,2.096392616073915,6.779050280098963,1.054656770401905,0.000570182266
255,134,3.0757162088930965,6.575845085542589,1.0434450659154868,0.00056956797
255,135,2.6072856038705,6.856774139634965,1.037365756007885,0.00056959644
255,136,1.8542655418194303,7.182603721471078,1.0611557605871837,0.000568609509
255,137,1.447538293072233,6.511541823582767,1.0768961688489267,0.000569250927
255,138,2.002831998503928,4.357165909801206,1.0272913421491208,0.000570218911
255,139,2.0444198668337807,6.451003684175382,1.0467066923196644,0.000569187799
255,140,1.6749355824825742,6.613210769577581,1.068313234544295,0.000568910892
255,141,2.0109533528237993,6.017342572530652,1.0594711044299157,0.000569713072
255,142,1.579869477552424,2.9130615049308988,1.0091039906631036,0.000570037821
255,143,1.5997033042493947,2.595759928475794,1.0373676753514722,0.00056797128
255,144,1.4644723125852155,5.46573551752207,1.0396360258070632,0.000569193322
255,145,1.360290132793283,4.816293112778969,1.033970074250233,0.000569972219
255,146,2.1384688524348965,6.691676427450671,1.0184976993515147,0.000570346582
255,147,1.756362187918335,4.037583771560908,1.0935005746174493,0.000569259601
255,148,1.5363387453860327,6.29803837220775,1.038811121309051,0.000568575621
255,149,1.9305165370526693,3.002767277163063,1.0335487993303336,0.000569864859
255,150,2.0357808298319675,3.863073194501519,1.024766213036575,0.000569434446
255,151,1.886395906730187,3.548128579955085,1.022818511939355,0.000569640695
255,152,2.1634246315287564,5.064835396758388,1.0363537689301239,0.000569581653
255,153,1.451564163743408,5.809927125342925,1.0351767625974784,0.000569295436
255,154,1.4201751073116384,5.793237178285277,1.023062298935777,0.000569017505
255,155,1.9662015142289424,4.780207795803343,1.0628904220063693,0.000568533078
255,156,1.3711481826090564,3.8484979069018026,1.0341959318743372,0.000569169832
255,157,1.6382408376877207,2.71047192896754,1.0355245222292002,0.00056956547
255,158,1.591274537736084,8.082967214084722,1.03189609001367,0.000569143064
255,159,1.248655562582404,5.311605536321362,1.0647458356172719,0.000569170308
255,160,1.4191160237293536,4.929002964491497,0.9992238402347247,0.000570230795
255,161,1.5159253361111757,5.345307643642511,1.0688533418899218,0.000569117773
255,162,2.134480848706265,4.916051123156467,1.020298266140445,0.000569714483
255,163,1.8226797855017076,6.709984445049395,1.0586373768030495,0.000570119327
255,164,1.2881277250772911,3.187225762262074,1.0547693686913553,0.000570194679
255,165,1.9326558371267823,4.9568906205613485,1.0233211186587774,0.000570308277
255,166,1.7911025783071737,3.6237413342211657,1.0512151550978333,0.000568882319
255,167,1.6718334451174024,6.254502993650448,1.0699047967716553,0.000568939215
255,168,1.9761227773576697,5.541462392816589,1.04829951507413,0.000569353621
255,169,1.3927088269990364,6.1201133075157825,1.0475154680091543,0.000568606303
255,170,2.06020593857477,7.289892136864681,1.0304726551506573,0.0005699428
255,171,2.1093393069103734,4.013518927568699,1.0480678719146066,0.000569058236
255,172,1.9285707502174452,5.068902061157522,1.067861873704498,0.000568253682
255,173,1.9165139230161432,4.787434880399414,1.0296193994738465,0.000568938152
255,174,1.458669035107838,4.343113633519082,1.041723850705457,0.000569948521
255,175,1.5488652017115079,3.7496102818742254,1.0801106011169934,0.00056855122
255,176,2.502210542473226,3.1449387325087876,1.0592622164840442,0.000569357638
255,177,1.2818667007532727,6.027174456937158,1.0100220636106183,0.000568213436
255,178,1.3316132942414343,5.2704274981039605,1.0394770942752707,0.00056924525
255,179,2.08639603510461,6.775353863380046,1.0318811416480451,0.000570259497
255,180,1.9016379694472458,7.549702177743133,1.065390585300506,0.000569314167
255,181,1.8058914901501648,5.57272743093315,1.019942444617449,0.000568973023
255,182,1.9001904214589045,6.412727171998467,1.0191017388762391,0.000569198473
255,183,1.6956116926658866,7.910112637662652,1.035300758679672,0.000569932629
255,184,1.6478821401669235,4.793128183086078,1.070799802011727,0.000569092292
255,185,1.8298058392551786,4.081599295353196,1.0808419351195373,0.000569037529
255,186,1.8435763702999097,2.822636676123064,1.068025116931592,0.000569937293
255,187,1.3312224086215525,4.958412413193921,1.0633615015881335,0.000568660008
255,188,2.301392743004671,5.429304567997412,1.0280169340893703,0.000569463866
255,189,1.202964048533505,4.053190073956011,1.0326861309211892,0.000569242522
255,190,1.9790024325808369,5.319678572593773,1.0118360227846346,0.000570468841
255,191,1.4454880401934418,6.3526862018641514,1.0672711151107996,0.000569146528
255,192,2.1799427409135825,4.785277100457351,1.0525056964107393,0.000569227738
255,193,1.6797981383030258,5.383840823736721,1.0247070644781344,0.000568354254
255,194,1.394711018373916,4.987213643315097,1.0525442470716948,0.000568150423
255,195,2.165272214211781,5.4592030703130465,1.0140157481959138,0.000570852436
255,196,1.1279738312074175,4.727576382621934,1.0054379896861252,0.000569830062
255,197,1.7925560381421901,5.867164126717934,1.0431111647015714,0.000568086183
255,198,1.6226361038870483,4.899506759666873,1.011077486293708,0.000569577649
255,199,1.7408331374360966,4.410688349406309,1.0567318699227766,0.00056865974
