PVT,load fF,VDD,V high,V low,high/VDD,low/VDD,rise 20-80 ps,fall 20-80 ps,delay ps
tt_-40C_1.08V,15.0,1.08,1.12578,-0.0379262,1.0423888888888888,-0.03511685185185185,57.734,62.26,139.57399999999998
tt_-40C_1.08V,108.0,1.08,1.09044,-0.0083913,1.0096666666666667,-0.007769722222222222,297.00600000000003,301.39,312.297
tt_-40C_1.20V,15.0,1.2,1.24383,-0.0349371,1.0365250000000001,-0.02911425,46.372,48.84,113.425
tt_-40C_1.20V,108.0,1.2,1.21083,-0.00853829,1.009025,-0.007115241666666668,241.561,236.06,252.569
tt_-40C_1.32V,15.0,1.32,1.36156,-0.0308924,1.0314848484848484,-0.02340333333333333,39.278999999999996,40.699999999999996,96.822
tt_-40C_1.32V,108.0,1.32,1.33102,-0.00845388,1.008348484848485,-0.006404454545454546,206.155,196.98,214.499
tt_27C_1.08V,15.0,1.08,1.11973,-0.0331912,1.036787037037037,-0.03073259259259259,60.029,62.800000000000004,138.52700000000002
tt_27C_1.08V,108.0,1.08,1.08951,-0.007717,1.0088055555555555,-0.00714537037037037,310.872,303.26,318.552
tt_27C_1.20V,15.0,1.2,1.23876,-0.0307791,1.0323000000000002,-0.025649250000000002,49.318,50.76,114.743
tt_27C_1.20V,108.0,1.2,1.20988,-0.00788902,1.0082333333333335,-0.006574183333333334,257.58299999999997,245.37,262.5
tt_27C_1.32V,15.0,1.32,1.35727,-0.0270765,1.0282348484848485,-0.0205125,42.42,43.199999999999996,99.164
tt_27C_1.32V,108.0,1.32,1.3301,-0.00779582,1.007651515151515,-0.005905924242424242,222.554,209.45000000000002,225.70600000000002
tt_125C_1.08V,15.0,1.08,1.11235,-0.0263169,1.0299537037037036,-0.0243675,62.73,66.42,138.474
tt_125C_1.08V,108.0,1.08,1.08816,-0.00647934,1.0075555555555555,-0.005999388888888888,317.625,326.59999999999997,320.661
tt_125C_1.20V,15.0,1.2,1.23216,-0.0248122,1.0268,-0.020676833333333335,53.084999999999994,55.53,117.52499999999999
tt_125C_1.20V,108.0,1.2,1.20856,-0.00664478,1.0071333333333334,-0.005537316666666667,270.807,273.08,271.552
tt_125C_1.32V,15.0,1.32,1.35099,-0.0224702,1.0234772727272725,-0.017022878787878785,46.577000000000005,48.330000000000005,103.202
tt_125C_1.32V,108.0,1.32,1.32872,-0.00656168,1.0066060606060605,-0.004970969696969697,238.586,237.99,237.85700000000003
ss_-40C_1.08V,15.0,1.08,1.13144,-0.0431432,1.0476296296296295,-0.039947407407407404,71.72500000000001,76.89,171.868
ss_-40C_1.08V,108.0,1.08,1.09055,-0.00894304,1.0097685185185183,-0.008280592592592591,373.252,374.36,390.83599999999996
ss_-40C_1.20V,15.0,1.2,1.25031,-0.0403605,1.041925,-0.033633750000000004,55.473,58.67,135.175
ss_-40C_1.20V,108.0,1.2,1.21133,-0.00918834,1.0094416666666668,-0.00765695,293.164,286.99,305.68
ss_-40C_1.32V,15.0,1.32,1.36805,-0.0362866,1.0364015151515151,-0.027489848484848485,45.865,48.11,113.10199999999999
ss_-40C_1.32V,108.0,1.32,1.33167,-0.00922254,1.008840909090909,-0.006986772727272727,244.51000000000002,236.77,254.022
ss_27C_1.08V,15.0,1.08,1.12557,-0.038458,1.0421944444444444,-0.03560925925925926,74.771,77.85,171.595
ss_27C_1.08V,108.0,1.08,1.0896,-0.00834424,1.0088888888888887,-0.007726148148148147,392.877,378.52,401.625
ss_27C_1.20V,15.0,1.2,1.24454,-0.0358116,1.0371166666666667,-0.029843,59.38,61.33,137.968
ss_27C_1.20V,108.0,1.2,1.21043,-0.00858147,1.0086916666666665,-0.007151225000000001,315.50800000000004,300.13,321.08
ss_27C_1.32V,15.0,1.32,1.36308,-0.0326323,1.0326363636363636,-0.024721439393939396,49.942,51.39,117.008
ss_27C_1.32V,108.0,1.32,1.33076,-0.00862111,1.008151515151515,-0.006531143939393939,266.958,253.24999999999997,270.613
ss_125C_1.08V,15.0,1.08,1.11707,-0.0306753,1.034324074074074,-0.028403055555555553,77.524,81.55000000000001,171.38
ss_125C_1.08V,108.0,1.08,1.08812,-0.00705716,1.0075185185185185,-0.006534407407407407,400.68899999999996,403.49,404.26800000000003
ss_125C_1.20V,15.0,1.2,1.23708,-0.0292561,1.0309,-0.024380083333333333,63.899,66.73,141.85399999999998
ss_125C_1.20V,108.0,1.2,1.20907,-0.00739975,1.0075583333333336,-0.006166458333333334,333.297,331.59,334.092
ss_125C_1.32V,15.0,1.32,1.35677,-0.0275201,1.0278560606060605,-0.020848560606060603,55.059,57.27,122.51700000000001
ss_125C_1.32V,108.0,1.32,1.32949,-0.00752871,1.0071893939393939,-0.005703568181818182,288.726,285.96999999999997,287.849
ff_-40C_1.08V,15.0,1.08,1.11987,-0.0323831,1.0369166666666665,-0.02998435185185185,46.127,49.82,114.318
ff_-40C_1.08V,108.0,1.08,1.08998,-0.00777106,1.0092407407407407,-0.007195425925925925,230.809,243.97,248.046
ff_-40C_1.20V,15.0,1.2,1.23768,-0.0286678,1.0313999999999999,-0.023889833333333336,38.043,40.3,95.576
ff_-40C_1.20V,108.0,1.2,1.21022,-0.00775148,1.0085166666666667,-0.006459566666666667,191.399,197.14000000000001,205.531
ff_-40C_1.32V,15.0,1.32,1.35418,-0.024957,1.0258939393939392,-0.01890681818181818,32.802,34.279999999999994,83.028
ff_-40C_1.32V,108.0,1.32,1.33012,-0.00746058,1.0076666666666665,-0.005651954545454545,165.356,167.97,177.245
ff_27C_1.08V,15.0,1.08,1.11463,-0.0279392,1.0320648148148148,-0.025869629629629628,48.064,50.83,113.758
ff_27C_1.08V,108.0,1.08,1.08902,-0.00704731,1.008351851851852,-0.006525287037037037,240.402,249.28,252.35600000000002
ff_27C_1.20V,15.0,1.2,1.23295,-0.0247799,1.0274583333333334,-0.020649916666666667,40.396,42.19,96.585
ff_27C_1.20V,108.0,1.2,1.20925,-0.00696693,1.0077083333333334,-0.005805775,202.609,207.2,212.411
ff_27C_1.32V,15.0,1.32,1.35037,-0.0223841,1.0230075757575758,-0.016957651515151516,35.3,36.58,84.778
ff_27C_1.32V,108.0,1.32,1.32915,-0.0067798,1.006931818181818,-0.005136212121212121,176.976,180.1,185.146
ff_125C_1.08V,15.0,1.08,1.10786,-0.0214887,1.0257962962962963,-0.019896944444444443,50.684000000000005,54.88,114.454
ff_125C_1.08V,108.0,1.08,1.08768,-0.00567477,1.007111111111111,-0.005254416666666666,245.7,274.88,254.79800000000003
ff_125C_1.20V,15.0,1.2,1.22618,-0.0197512,1.0218166666666668,-0.016459333333333333,43.657000000000004,46.879999999999995,99.155
ff_125C_1.20V,108.0,1.2,1.20776,-0.00560662,1.0064666666666666,-0.004672183333333333,212.245,234.85000000000002,219.462
ff_125C_1.32V,15.0,1.32,1.34505,-0.0186287,1.0189772727272728,-0.014112651515151516,38.785,41.43,88.282
ff_125C_1.32V,108.0,1.32,1.32773,-0.00555897,1.0058560606060607,-0.0042113409090909085,188.612,207.73,194.419
sf_-40C_1.08V,15.0,1.08,1.12846,-0.0347088,1.0448703703703703,-0.03213777777777777,54.43,65.28,143.59
sf_-40C_1.08V,108.0,1.08,1.09119,-0.00774385,1.010361111111111,-0.007170231481481481,263.014,333.02,295.851
sf_-40C_1.20V,15.0,1.2,1.24612,-0.0320193,1.0384333333333333,-0.02668275,43.721000000000004,50.78,116.053
sf_-40C_1.20V,108.0,1.2,1.21155,-0.00789175,1.009625,-0.0065764583333333335,215.77599999999998,258.44,239.84600000000003
sf_-40C_1.32V,15.0,1.32,1.36299,-0.0286336,1.0325681818181818,-0.02169212121212121,37.074999999999996,42.14,98.838
sf_-40C_1.32V,108.0,1.32,1.3317,-0.00783537,1.0088636363636363,-0.005935886363636363,185.159,214.67,204.13199999999998
sf_27C_1.08V,15.0,1.08,1.12243,-0.0300191,1.039287037037037,-0.027795462962962963,56.385,65.77,142.101
sf_27C_1.08V,108.0,1.08,1.09031,-0.00705158,1.0095462962962962,-0.00652924074074074,274.5,335.8,300.31699999999995
sf_27C_1.20V,15.0,1.2,1.24088,-0.0280149,1.0340666666666667,-0.02334575,46.353,52.79,117.20200000000001
sf_27C_1.20V,108.0,1.2,1.21063,-0.00722084,1.0088583333333334,-0.006017366666666667,229.202,269.38,248.12
sf_27C_1.32V,15.0,1.32,1.35862,-0.0250655,1.0292575757575757,-0.018989015151515153,39.914,44.760000000000005,101.113
sf_27C_1.32V,108.0,1.32,1.33077,-0.00719121,1.008159090909091,-0.005447886363636363,199.01,228.88,213.81900000000002
sf_125C_1.08V,15.0,1.08,1.11472,-0.0234847,1.032148148148148,-0.02174509259259259,59.208000000000006,69.42999999999999,141.476
sf_125C_1.08V,108.0,1.08,1.089,-0.00575651,1.0083333333333333,-0.0053301018518518515,280.491,360.0,301.781
sf_125C_1.20V,15.0,1.2,1.23392,-0.0224681,1.0282666666666667,-0.01872341666666667,50.086000000000006,57.699999999999996,119.684
sf_125C_1.20V,108.0,1.2,1.20931,-0.00597501,1.0077583333333335,-0.004979175000000001,240.531,298.79,256.014
sf_125C_1.32V,15.0,1.32,1.35211,-0.0203334,1.0243257575757574,-0.015404090909090909,43.944,50.04,104.96000000000001
sf_125C_1.32V,108.0,1.32,1.3294,-0.00593447,1.007121212121212,-0.004495810606060606,212.71,259.27,224.597
fs_-40C_1.08V,15.0,1.08,1.1231,-0.0410389,1.0399074074074073,-0.03799898148148148,61.885999999999996,59.550000000000004,136.89600000000002
fs_-40C_1.08V,108.0,1.08,1.08969,-0.00904137,1.0089722222222222,-0.008371638888888889,331.21,272.82,330.885
fs_-40C_1.20V,15.0,1.2,1.2417,-0.0376031,1.03475,-0.03133591666666667,49.288000000000004,47.099999999999994,111.623
fs_-40C_1.20V,108.0,1.2,1.21012,-0.00919061,1.0084333333333335,-0.007658841666666667,265.281,216.9,265.488
fs_-40C_1.32V,15.0,1.32,1.35993,-0.0326966,1.03025,-0.024770151515151512,41.515,39.46,95.406
fs_-40C_1.32V,108.0,1.32,1.33037,-0.00904283,1.0078560606060607,-0.0068506287878787875,224.081,182.78,224.168
fs_27C_1.08V,15.0,1.08,1.1172,-0.0362025,1.0344444444444443,-0.03352083333333333,64.69999999999999,60.58,136.89000000000001
fs_27C_1.08V,108.0,1.08,1.0887,-0.0084264,1.0080555555555555,-0.0078022222222222225,347.868,276.61,339.923
fs_27C_1.20V,15.0,1.2,1.23671,-0.0333322,1.0305916666666668,-0.027776833333333334,52.711,49.27,113.591
fs_27C_1.20V,108.0,1.2,1.20916,-0.00856334,1.0076333333333334,-0.007136116666666666,284.278,226.68,277.909
fs_27C_1.32V,15.0,1.32,1.35568,-0.0292499,1.027030303030303,-0.02215901515151515,45.059999999999995,42.09,98.193
fs_27C_1.32V,108.0,1.32,1.32943,-0.00837721,1.0071439393939392,-0.006346371212121211,243.316,195.14000000000001,237.584
fs_125C_1.08V,15.0,1.08,1.11023,-0.0291186,1.0279907407407407,-0.026961666666666665,67.312,64.47,137.668
fs_125C_1.08V,108.0,1.08,1.0873,-0.00719645,1.0067592592592591,-0.006663379629629629,355.307,301.08,343.149
fs_125C_1.20V,15.0,1.2,1.23044,-0.0272606,1.0253666666666668,-0.022717166666666667,56.647,54.16,116.96600000000001
fs_125C_1.20V,108.0,1.2,1.20784,-0.00734323,1.0065333333333335,-0.006119358333333333,299.652,254.35999999999999,288.797
fs_125C_1.32V,15.0,1.32,1.34981,-0.0247708,1.0225833333333332,-0.018765757575757575,49.493,47.29,102.707
fs_125C_1.32V,108.0,1.32,1.32809,-0.0072196,1.006128787878788,-0.005469393939393939,262.009,223.22,251.81300000000002
