PVT,I(0) uA,I(1)-I(0) uA,unit uA,I(255) uA,DNL min,DNL max,at code,|INL| max,monotonic
tt_-40C_1.08V,5.57907064,2.7894568300000007,2.789449138666667,716.888601,-1.7257409705928595e-05,2.818238642232629e-06,128,1.1566441384326565e-05,yes
tt_-40C_1.20V,6.72942313,3.3646359699999997,3.364622666156863,864.708203,-2.45692206973791e-05,3.9629534931417965e-06,128,1.6450325271552938e-05,yes
tt_-40C_1.32V,7.73280107,3.8663298300000006,3.8663070663921575,993.641103,-3.64860808260703e-05,5.931657156788006e-06,128,2.453810354422598e-05,yes
tt_27C_1.08V,4.34909444,2.17093146,2.1709188531764703,557.933402,-3.632248915697023e-05,6.055879792965513e-06,128,2.4326050838856105e-05,yes
tt_27C_1.20V,5.15755647,2.5751674899999992,2.5751451707058823,661.819575,-5.4043829233574314e-05,8.865245524791732e-06,128,3.6051605440369725e-05,yes
tt_27C_1.32V,5.86982778,2.931311640000001,2.931272875372549,753.3444109999999,-8.217432589630036e-05,1.3347316722533975e-05,128,5.521950968108253e-05,yes
tt_125C_1.08V,3.2817423900000002,1.5154598800000003,1.5154368494509802,389.718139,-9.492276171652048e-05,1.5276485479942536e-05,128,6.320093090698708e-05,yes
tt_125C_1.20V,3.7802092000000003,1.7647029,1.7646612423529413,453.768826,-0.00014747439718543198,2.366326526903606e-05,128,9.83118202224335e-05,yes
tt_125C_1.32V,4.232865879999999,1.9910475600000006,1.9909742867450981,511.93130900000006,-0.00022917761828777916,3.702371016678363e-05,128,0.00015300594487509503,yes
ss_-40C_1.08V,4.59132153,2.2956550399999993,2.2956530528235297,589.98285,-5.250280958990494e-06,1.283807445906504e-06,128,3.77762558709506e-06,yes
ss_-40C_1.20V,5.74206857,2.871029310000001,2.8710258722745094,737.853666,-7.269970897061384e-06,1.4377180019842228e-06,128,5.042346021779734e-06,yes
ss_-40C_1.32V,6.784128829999999,3.3920606700000007,3.392054804588235,871.758104,-1.0850233962078626e-05,1.826448026376326e-06,128,7.387193311752369e-06,yes
ss_27C_1.08V,3.65099126,1.8251508499999998,1.8251476146666665,469.063633,-1.0746893308155592e-05,1.9644073157021325e-06,128,7.333836029260118e-06,yes
ss_27C_1.20V,4.473584079999999,2.23644853,2.2364428192941177,574.7665030000001,-1.6016190436229927e-05,2.7636324291258063e-06,128,1.0867467910619021e-05,yes
ss_27C_1.32V,5.21340787,2.60636265,2.60635263972549,669.8333309999999,-2.4033480566121312e-05,3.975008738388297e-06,128,1.6179126778052502e-05,yes
ss_125C_1.08V,2.65836458,1.30680403,1.30679817027451,335.89189799999997,-2.8443776049602576e-05,5.226304753858102e-06,128,1.8703339772902857e-05,yes
ss_125C_1.20V,3.1637413899999998,1.5594949000000002,1.5594842572941179,400.832227,-4.248667071049539e-05,6.952751095079535e-06,128,2.84712528325156e-05,yes
ss_125C_1.32V,3.62792499,1.7915909900000004,1.7915720392549022,460.47879500000005,-6.58858546033203e-05,1.0583300429356512e-05,128,4.438947443722816e-05,yes
ff_-40C_1.08V,6.58212568,3.2894749599999993,3.289447711058824,845.391292,-5.159256925235667e-05,8.29590362516619e-06,128,3.4511353907948814e-05,yes
ff_-40C_1.20V,7.6823717700000005,3.839608329999999,3.839561044039216,986.7704380000001,-7.684316927458745e-05,1.2489959201555934e-05,128,5.12727319701724e-05,yes
ff_-40C_1.32V,8.61556821,4.30622369,4.306143222705883,1106.68209,-0.00011639712847710815,2.0151975845150716e-05,128,7.776938673968222e-05,yes
ff_27C_1.08V,5.10686797,2.51632012,2.5162745452156865,646.756877,-0.00011268453049229077,1.8461731237540135e-05,128,7.538184261556578e-05,yes
ff_27C_1.20V,5.87974638,2.9027774699999993,2.9026967514509803,746.067418,-0.00017320150673583168,2.7990712106795712e-05,128,0.00011565280437499776,yes
ff_27C_1.32V,6.54849803,3.2371834300000004,3.237044333215686,831.994803,-0.0002676309393755405,4.314639219304972e-05,128,0.00017875575808049126,yes
ff_125C_1.08V,4.63317733,1.72280115,1.7227163751764707,443.925853,-0.00030671048587471716,4.970337820275894e-05,128,0.000204583606732545,yes
ff_125C_1.20V,5.11677917,1.9646369999999993,1.9644845679607845,506.06034400000004,-0.0004833674828942369,7.759391027151175e-05,128,0.0003225900707072537,yes
ff_125C_1.32V,5.5502448300000005,2.18142799,2.181162883019608,561.7467800000001,-0.0007564235722368196,0.00012154845587453167,128,0.0005053709655242835,yes
sf_-40C_1.08V,5.075915,2.5379389699999995,2.537935035294118,652.249349,-9.864434582063097e-06,1.5621778794994157e-06,128,6.661274684480966e-06,yes
sf_-40C_1.20V,6.23152459,3.1157452599999997,3.115738440823529,800.744827,-1.3621433349153556e-05,2.4261268105618683e-06,128,9.225572412144218e-06,yes
sf_-40C_1.32V,7.25640918,3.6281901199999993,3.6281783757647057,932.441895,-1.9948237714229045e-05,3.479496892611067e-06,128,1.3602223758162084e-05,yes
sf_27C_1.08V,3.9945861099999997,1.99617681,1.996170376039216,513.0180320000001,-2.0226750027219076e-05,3.3183343970399903e-06,128,1.362585564439016e-05,yes
sf_27C_1.20V,4.81212043,2.4049465300000006,2.4049351434117643,618.0705820000001,-2.9582257959681613e-05,4.9301072801988255e-06,128,1.9773604048919006e-05,yes
sf_27C_1.32V,5.539057349999999,2.76841936,2.768399500588235,711.48093,-4.461082594098276e-05,7.4047881510885816e-06,128,2.984820821358138e-05,yes
sf_125C_1.08V,2.92802053,1.4104467199999997,1.410435025372549,362.588952,-5.17750702750952e-05,8.490024189233836e-06,128,3.4892391413423914e-05,yes
sf_125C_1.20V,3.43051265,1.6616976999999997,1.6616764798039219,427.15801500000003,-7.912479085581126e-05,1.2950894075380859e-05,128,5.342336733158698e-05,yes
sf_125C_1.32V,3.8893424800000003,1.8911210299999999,1.891083492235294,486.115633,-0.0001239988801466918,2.036280517359046e-05,128,8.288407492702273e-05,yes
fs_-40C_1.08V,6.07639633,3.0378466100000003,3.0378319320392158,780.723539,-2.993320278366074e-05,4.9601035250201875e-06,128,2.0172784673277983e-05,yes
fs_-40C_1.20V,7.20541123,3.602359569999999,3.602334183411765,925.8006280000001,-4.391136515913274e-05,7.166627805865744e-06,128,2.9512596524531534e-05,yes
fs_-40C_1.32V,8.175526690000002,4.08742661,4.087383267882353,1050.45826,-6.587781589784125e-05,1.1433260513671328e-05,128,4.518676987645355e-05,yes
fs_27C_1.08V,4.70955312,2.3431430100000004,2.343118752470588,602.204835,-6.433838252362101e-05,1.0775181317645988e-05,128,4.3042381727377876e-05,yes
fs_27C_1.20V,5.50175242,2.7392523099999995,2.739209366980392,704.000141,-9.76073547445111e-05,1.5929056092600646e-05,128,6.530360089787651e-05,yes
fs_27C_1.32V,6.19324801,3.0850162499999993,3.084942007803922,792.85346,-0.0001497622330447479,2.4309110489229013e-05,128,0.00010008553732182516,yes
fs_125C_1.08V,3.80153987,1.6192916999999998,1.6192471103137254,416.70955299999997,-0.0001717528547390268,2.7722566881438482e-05,128,0.00011460898915746436,yes
fs_125C_1.20V,4.29325374,1.8651671299999995,1.865086706901961,479.89036400000003,-0.0002684630693705614,4.358676610305423e-05,128,0.0001793192981205061,yes
fs_125C_1.32V,4.73693486,2.0870387800000003,2.0868981378039213,536.89596,-0.00041934859591774565,6.749835729746856e-05,128,0.0002802092099510235,yes
tt_27C_1.20V_vd0.46,4.43196527,2.21244394,2.2124163714901957,568.5981400000001,-7.745896856559131e-05,1.248793412256255e-05,128,5.18048073643676e-05,yes
tt_27C_1.20V_vd0.85,5.65705058,2.824806549999999,2.824786880078432,725.977705,-4.350065462888075e-05,7.122633481015939e-06,128,2.9019909218361104e-05,yes
