sample,unit_A,ifs_A,dnl_min,dnl_max,worst_code,inl_max,monotonic
0,2.5755449907843136e-06,0.000661900639,-0.0402353642258646,0.07483546585493217,32,0.0775439459544337,True
1,2.5745661810980393e-06,0.000661744124,-0.13160903906286958,0.05717849476265413,192,0.11531673709951082,True
2,2.5762315870588234e-06,0.000662170953,-0.07722115824453168,0.03575897966779329,48,0.07521189697354609,True
3,2.5754154567058826e-06,0.00066192853,-0.0258200891560032,0.07852773530869661,80,0.054554070165078426,True
4,2.574723125254902e-06,0.000661702926,-0.29728715982970955,0.05159812076179726,128,0.18458774868439465,True
5,2.5732502177254902e-06,0.000661409079,-0.07418952747403418,0.14213844411829535,192,0.15390882642112477,True
6,2.575727700117647e-06,0.000661880789,-0.23840707233518565,0.12776090417761532,128,0.21516533886190048,True
7,2.57610378172549e-06,0.000662035704,-0.0670981436973368,0.12390192527911537,200,0.12533123126246376,True
8,2.5753881136862745e-06,0.000661849836,-0.015514598935213564,0.20723008057603187,192,0.1609451993088565,True
9,2.57350479745098e-06,0.000661385987,-0.1208965290288807,0.1970838379828883,128,0.19457703572107238,True
10,2.5748194378039215e-06,0.00066167075,-0.29025430942115205,0.03922316288021932,64,0.2011446751139372,True
11,2.5777832105490196e-06,0.000662458822,-0.171206100165039,0.029119512123368718,96,0.11456583814723402,True
12,2.5742855828235295e-06,0.000661610371,-0.09180938758328605,0.0654097658395163,128,0.09241199918291385,True
13,2.577878321960784e-06,0.000662639941,-0.22432995267244193,0.019509329672705578,64,0.12621004477198905,True
14,2.5754783025490197e-06,0.00066198364,-0.04311560397891323,0.0740043887236177,248,0.09054410415939668,True
15,2.5745366485490197e-06,0.000661818334,-0.0860914715173956,0.05649573935292529,152,0.12198675423352075,True
16,2.577148545254902e-06,0.000662348029,-0.15035980210313316,0.07191570508668055,128,0.13621268822104607,True
17,2.575715403882353e-06,0.000661946573,-0.12274325937012265,0.13685463680743237,128,0.16461076221515986,True
18,2.5741638276470587e-06,0.000661600588,-0.16050991906942524,0.1017865178349846,128,0.13527756484557793,True
19,2.5756688087450986e-06,0.000661898331,-0.09281077129694115,0.059525584475158766,96,0.09426478383625751,True
20,2.5732294449411767e-06,0.000661278252,-0.07355832388494754,0.060830780312492116,206,0.12433606655574968,True
21,2.5740083799999997e-06,0.000661397986,-0.3932805300346439,0.030840466805353017,128,0.20259832254312263,True
22,2.5753404171764705e-06,0.000661901872,-0.11618752036849711,0.043939660197503505,160,0.0817277782713447,True
23,2.5750570610588236e-06,0.00066182019,-0.2262435539270199,0.07074015628463881,128,0.1710912737170041,True
24,2.577466782e-06,0.000662555032,-0.1705452753338348,0.042987369914438744,128,0.188318202736784,True
25,2.574510904980392e-06,0.000661652682,-0.09697527576885123,0.032328119045316406,64,0.07379476425080213,True
26,2.571968484392157e-06,0.00066102751,-0.04061732677757568,0.1310010280656544,64,0.11900119786349066,True
27,2.576595338e-06,0.00066232945,-0.04753145990518304,0.0977109825074356,224,0.09983176256140683,True
28,2.575324518901961e-06,0.000661884838,-0.016033947799155124,0.2340759297220838,128,0.14906960085997603,True
29,2.574202374313725e-06,0.000661634041,-0.06471766787883937,0.10857096103828634,40,0.11177649652416964,True
30,2.576971569647059e-06,0.000662319293,-0.15369613476229282,0.04598980902580285,128,0.14344479639264734,True
31,2.574606399764706e-06,0.00066166893,-0.03810695093966543,0.13780420971055607,132,0.13490770492232082,True
32,2.5750644635294118e-06,0.000661746135,-0.05496657094770763,0.16407610079458634,128,0.11595557479394604,True
33,2.5761440345490197e-06,0.000662061871,-0.04652225688538658,0.09612520190251317,16,0.08490399615949547,True
34,2.5764733265490195e-06,0.00066217462,-0.08785354935237,0.09155797229498841,128,0.1170979738112542,True
35,2.575825780392157e-06,0.000662039837,-0.07895401231725496,0.18736990027886646,128,0.12491375200699814,True
36,2.574795697568627e-06,0.000661881449,-0.02321492832426786,0.11416335001218147,100,0.12305426758490146,True
37,2.5750216570588235e-06,0.000661739064,-0.059813732687122645,0.10455342859087935,196,0.08189868160737865,True
38,2.572287277411765e-06,0.000661082781,-0.046400834953351455,0.0793028540705929,192,0.07680548540439089,True
39,2.5743055385098038e-06,0.000661638601,-0.026540570840475453,0.20459904763095915,128,0.12754648390014459,True
40,2.574266551882353e-06,0.000661684753,-0.09871299135534728,0.24325120786725218,64,0.1552791217830412,True
41,2.574716892901961e-06,0.000661640031,-0.07643632332724093,0.18376665349205523,64,0.13866851790691662,True
42,2.5742520556862745e-06,0.000661621388,-0.14661853133324332,0.0800104029668871,192,0.13928954656037637,True
43,2.5756227482352938e-06,0.000662073597,-0.19942468227817878,0.12182073324969944,128,0.15507355521857227,True
44,2.5773976647843136e-06,0.000662311367,-0.10763207733701774,0.08837337688623736,128,0.11882973082879077,True
45,2.575232617137255e-06,0.000661923238,-0.033988625553616814,0.11617062508136855,128,0.1136289382375391,True
46,2.577333721882353e-06,0.000662395404,-0.14685669871495133,0.016665431314915713,128,0.08977453118459369,True
47,2.5759115301568628e-06,0.000662149872,-0.042744298035026995,0.059799208179247554,160,0.06569413595668375,True
48,2.5747150518039217e-06,0.000661705469,-0.08064467237198114,0.06905733046908069,128,0.0881104710977275,True
49,2.574701360901961e-06,0.000661633728,-0.0342678037312617,0.25136959529602,128,0.17394231348757602,True
50,2.5749598470980395e-06,0.000661705881,-0.05316348806462301,0.1302389834466411,64,0.11799979857414779,True
51,2.576542537254902e-06,0.000662214018,-0.1946665075396956,0.02727976027128798,224,0.12161788078652777,True
52,2.5754016819215685e-06,0.000661912256,-0.08214123777527071,0.12023961941635353,200,0.13349401175185038,True
53,2.5748574053725493e-06,0.000661711651,-0.04567142441643801,0.11824444879635276,96,0.13070889094732946,True
54,2.5746223270980395e-06,0.000661593816,-0.060788071885656936,0.08428291428149048,196,0.11764986635819893,True
55,2.5731989298431375e-06,0.000661334501,-0.061128942663103425,0.1174413943096364,128,0.10682074886583134,True
56,2.5773472935686274e-06,0.000662401764,-0.05086908306684135,0.05158858752298401,96,0.08151025674034729,True
57,2.574303123254902e-06,0.000661624483,-0.09829888367418549,0.06345829101063605,112,0.10379056457468762,True
58,2.5742440960784316e-06,0.000661791478,-0.05790752178690217,0.23523678459400243,128,0.1259454074547793,True
59,2.5746083170196074e-06,0.00066160059,-0.09869435880398003,0.22826721994773402,128,0.17930338380561064,True
60,2.575335270196078e-06,0.000661916504,-0.05926384496899095,0.11561552130696628,128,0.12657065932721295,True
61,2.5755158420784317e-06,0.000661945908,-0.05586758183647056,0.0962060702067391,16,0.10619249326192114,True
62,2.574556710196078e-06,0.000661656159,-0.157419220400554,0.034674042894611734,192,0.13151730085059207,True
63,2.5754799535686274e-06,0.000661965238,-0.18568653695243809,0.04794137351384431,96,0.1426655860216191,True
64,2.5754855972549018e-06,0.00066176075,-0.04739284792935761,0.11087633456366297,128,0.08880665145578771,True
65,2.573737107372549e-06,0.000661467433,-0.09012812796929537,0.04122833381994617,96,0.07980522097608515,True
66,2.5749813042745097e-06,0.000661781945,-0.030339367569325315,0.17798331000100642,64,0.15309024471191796,True
67,2.5730935927058826e-06,0.000661443114,-0.12945494623675746,0.04926575840595171,32,0.107653194201922,True
68,2.573241967019608e-06,0.000661351546,-0.22947898976775238,0.11999183789856849,192,0.17299877404201322,True
69,2.5751723070196075e-06,0.000661810616,-0.10791872305479233,0.05496591144390606,128,0.09698874412397415,True
70,2.5742286214901964e-06,0.000661663763,-0.037044736700581726,0.08782381511201032,16,0.08735936085141104,True
71,2.574323261490196e-06,0.00066168195,-0.06540835955184965,0.20883458831762947,64,0.1732714161617358,True
72,2.575538359882353e-06,0.000661927695,-0.024190033762603425,0.20088523944223846,128,0.13232713664033235,True
73,2.5753171751764703e-06,0.000661939489,-0.035532002061135604,0.09153234680980304,160,0.10675589556962756,True
74,2.5747026948627453e-06,0.000661678141,-0.11982420163629326,0.09503749913555937,128,0.13922916398879648,True
75,2.5771756669803925e-06,0.000662318646,-0.30353952080301205,0.06932446837392603,128,0.19373703688574626,True
76,2.5750968827843136e-06,0.000661823893,-0.20628850368144458,0.1911971236916421,64,0.2289824213578444,True
77,2.576354197372549e-06,0.000662258011,-0.3601531956742753,0.05973045273994271,64,0.21694645252529568,True
78,2.5727364167843135e-06,0.000661015831,-0.15998001742393053,0.02602465716229818,128,0.1153893377024649,True
79,2.5742838127450983e-06,0.000661563942,-0.3463385848642516,0.028545099375254068,128,0.2033323923659552,True
80,2.5732352543137253e-06,0.000661336842,-0.06217125078071606,0.10023403233494244,50,0.09832418135098989,True
81,2.5766691582352943e-06,0.00066211788,-0.0985823722938709,0.14077978952219827,16,0.11404069392626857,True
82,2.573668408313725e-06,0.000661533401,-0.07519826862255308,0.08987544430319505,224,0.11374317646201706,True
83,2.5747687276470587e-06,0.000661816461,-0.0956566409256201,0.08560158043956023,96,0.1070631242168046,True
84,2.575378778901961e-06,0.000661880911,-0.03830806548156729,0.10673933611242381,128,0.11480326522907928,True
85,2.5766112068627452e-06,0.000662278849,-0.12223738141937368,0.01519821579326952,128,0.08930798191280312,True
86,2.573347723098039e-06,0.000661257821,-0.2258438367584369,0.027156561965830495,64,0.1485258401718688,True
87,2.5757673904705883e-06,0.000661927821,-0.09226508237886077,0.03382355481778565,128,0.08906079244183973,True
88,2.5748744907058822e-06,0.000661806513,-0.21117126006278575,0.07340416396074789,128,0.15790987741117327,True
89,2.5775920822352943e-06,0.000662501917,-0.04694151687896175,0.21676972148369034,64,0.18344529060556486,True
90,2.576646322117647e-06,0.000662106436,-0.060273045929726154,0.07599323050336526,128,0.07864918934781151,True
91,2.574005716509804e-06,0.000661584382,-0.049516096911639496,0.06558271506836699,128,0.07423947206664455,True
92,2.5736305586274506e-06,0.000661425388,-0.08464639879925917,0.2635710238591198,128,0.16824445716308004,True
93,2.5734082365882356e-06,0.000661351702,-0.03439300276182655,0.28738921127891537,64,0.18542917206889215,True
94,2.5748678838039217e-06,0.000661733879,-0.09542621015606922,0.13914664066832683,32,0.13489731085549436,True
95,2.5743867658823526e-06,0.000661600345,-0.10776654446764489,0.20518720851043848,192,0.1747333489815631,True
96,2.5762510218431373e-06,0.000662020708,-0.18349959605446775,0.09174066352734833,128,0.14770336647991078,True
97,2.5740339762745097e-06,0.000661575571,-0.0566340528595467,0.10933228788721294,56,0.08505540477816405,True
98,2.575464845490196e-06,0.000661857017,-0.05214353662227611,0.19891017165575509,128,0.17008774345671082,True
99,2.571980888e-06,0.000661072479,-0.037163140848350595,0.21500241878936577,160,0.16278269794047606,True
100,2.5755545140392154e-06,0.000661986173,-0.08459790419948887,0.20046575723651094,128,0.1449926772188876,True
101,2.5763207569411765e-06,0.000662251475,-0.03833208915278585,0.25007144057006103,128,0.15135742025865837,True
102,2.5755691979607843e-06,0.000661868413,-0.10417394266602376,0.01760962278752687,192,0.06317816137894111,True
103,2.575110956745098e-06,0.000661739934,-0.09903921074820021,0.09533610294028216,160,0.12115579609601848,True
104,2.574812811411765e-06,0.000661572056,-0.11770098784214056,0.14674472136911598,128,0.17560122067978182,True
105,2.573146689411765e-06,0.000661426216,-0.09742339620333162,0.09259297636185138,220,0.15076383249616854,True
106,2.5745830198431372e-06,0.00066163169,-0.05536858541536638,0.1610120850490897,224,0.09972933652294966,True
107,2.5738067810980396e-06,0.00066158217,-0.21124304477358835,0.2396781387912832,64,0.24670760123984467,True
108,2.5737894135294115e-06,0.000661486683,-0.1861121236303832,0.05038974276172237,192,0.1511280089066194,True
109,2.574898173098039e-06,0.000661706733,-0.05728516748317314,0.07556719288355929,200,0.07801480318517841,True
110,2.5755148320392157e-06,0.000661940342,-0.10421133231321233,0.08725912394875501,192,0.13693867037380178,True
111,2.5734423410588234e-06,0.0006613529,-0.06218299066027666,0.13976363612377019,192,0.12912825005471854,True
112,2.574371467647059e-06,0.000661678286,-0.062037848715387534,0.12453895499626078,64,0.13380497459380528,True
113,2.575598908509804e-06,0.00066198081,-0.09563247899197025,0.08043763755518785,40,0.12915036462307328,True
114,2.574825145372549e-06,0.000661761527,-0.037107818969491335,0.2615800361581597,128,0.16049151071654516,True
115,2.5744904307843134e-06,0.000661674981,-0.023403633613808705,0.14959370779185677,128,0.08677056239082576,True
116,2.574313056901961e-06,0.000661656531,-0.08242977921160344,0.1810983873340879,64,0.1749213798192441,True
117,2.576126751019608e-06,0.000662089551,-0.09989250370454761,0.049175860205756816,80,0.09019391728535052,True
118,2.5748863548627454e-06,0.000661723644,-0.09562960104931295,0.07007522673631761,248,0.114172078173817,True
119,2.573870900235294e-06,0.000661664342,-0.05521485177146501,0.07039984008061118,96,0.09594908046672783,True
120,2.575942890627451e-06,0.000661821893,-0.09134088006515129,0.16127147495548244,160,0.12335010577886427,True
121,2.575758408627451e-06,0.000662011915,-0.0773765924474561,0.063604409025247,112,0.08760108076766239,True
122,2.574392448e-06,0.000661480562,-0.07055701555570781,0.0740114632281681,160,0.0981402599266883,True
123,2.5771986936470585e-06,0.000662189574,-0.029295720905482048,0.07624841143888661,132,0.06625412530176326,True
124,2.575978631686275e-06,0.0006620051,-0.07239176186964391,0.180749701331542,96,0.21229687752507548,True
125,2.576385232117647e-06,0.000662060937,-0.06252606563237129,0.07854872220177178,96,0.07332858396655931,True
126,2.573530652117647e-06,0.000661366762,-0.19844008918155764,0.04672038694524594,192,0.1496907986655959,True
127,2.575313803137255e-06,0.000661812301,-0.05633566012829794,0.060861397423421115,64,0.08579093063298722,True
128,2.5759896243137254e-06,0.000662015829,-0.2607905008517737,0.020183456950126466,128,0.13050979981554042,True
129,2.574777994509804e-06,0.00066172571,-0.13495652644645184,0.1107777082522845,32,0.1227735681455421,True
130,2.5755417298431372e-06,0.000661948429,-0.22346084444076608,0.14162545530919401,128,0.17044012016388568,True
131,2.573145002823529e-06,0.000661317967,-0.06931323443796511,0.1042627200884838,4,0.1331522702559084,True
132,2.5754881090588236e-06,0.000661852832,-0.046312040284444134,0.13885286042803013,48,0.1150855895050078,True
133,2.5744830962352945e-06,0.000661745299,-0.074509868220072,0.16973345228164072,128,0.13873571657890998,True
134,2.5756040501960784e-06,0.000661920935,-0.0757713710619472,0.10195159841589119,96,0.10912833391536596,True
135,2.5752398352156865e-06,0.000661747691,-0.06164895131116033,0.1784828575959898,64,0.15633883049372757,True
136,2.575747186e-06,0.000661963131,-0.10283003993545203,0.06251006110970136,128,0.10423212784983196,True
137,2.575179575411765e-06,0.000661830988,-0.1332146226567209,0.06359805978270971,128,0.10204529155844949,True
138,2.5755738560000004e-06,0.000661879448,-0.180747236160806,0.06522602472014127,192,0.1511495820991812,True
139,2.573840859803922e-06,0.000661492987,-0.07849749491478564,0.2669217630838323,128,0.18208863452528407,True
140,2.5752715070588233e-06,0.000661954238,-0.1613517277381702,0.13384083658612878,64,0.15797057790616043,True
141,2.5738297788235295e-06,0.000661485751,-0.025584356574517964,0.09034871812029799,248,0.06785167755542455,True
142,2.5752247988627453e-06,0.000661758401,-0.17489300315126954,0.028308674710474824,128,0.1528636461126114,True
143,2.5739749499607843e-06,0.000661537326,-0.1356570894235365,0.05361204080147064,96,0.11322875975158166,True
144,2.578235162862745e-06,0.000662578428,-0.13966187725983414,0.04501057111039031,64,0.1028571368813283,True
145,2.5763382482352944e-06,0.000662045504,-0.14541035071461061,0.09535617147049091,224,0.14422601499553442,True
146,2.576234221529412e-06,0.000662061138,-0.03251576305810888,0.12653464337457,24,0.12181220963385556,True
147,2.574850805529412e-06,0.000661754576,-0.20997442040854397,0.07355229827837206,192,0.1738371598910968,True
148,2.5752565492941173e-06,0.000661949596,-0.12184593778826847,0.08825507142897981,120,0.14220667683878432,True
149,2.5731422778431374e-06,0.000661175547,-0.07302210976093337,0.1437316643317803,32,0.13973969003189382,True
150,2.574835079882353e-06,0.0006617843,-0.1961877418205208,0.053032880119039616,128,0.1614283293944801,True
151,2.5731613914509803e-06,0.000661256384,-0.06410106727040976,0.4125095347985479,128,0.23277001100737657,True
152,2.5765718095686278e-06,0.000662179788,-0.08958058483426079,0.10414698687411317,128,0.11997505234569253,True
153,2.575758239215686e-06,0.000661997519,-0.13529501096414787,0.03618109780859391,40,0.1165124937259962,True
154,2.5714328677254905e-06,0.000660929084,-0.0683641676716158,0.019825962759689064,64,0.050123844230031314,True
155,2.5759130308235293e-06,0.000662074934,-0.08037232947936146,0.11865810899633122,236,0.13247542139501972,True
156,2.576139158392157e-06,0.000662067802,-0.0527705026917048,0.1261720821831358,80,0.13213130408772558,True
157,2.574448030745098e-06,0.000661641794,-0.05798797604858785,0.1084053614296987,64,0.1137236955884974,True
158,2.575154284117647e-06,0.000661982801,-0.17688349273942594,0.044990980383952106,128,0.13966349574856138,True
159,2.576247788627451e-06,0.000662050392,-0.0634239413416503,0.07056666372507259,128,0.07181088562632695,True
160,2.575354071137255e-06,0.000661809835,-0.019381051986872788,0.08955503689668731,96,0.07677795655223008,True
161,2.5754995998823535e-06,0.000662007031,-0.04127494327206538,0.10397842815813374,64,0.09459143740022737,True
162,2.5759409641960785e-06,0.000662021148,-0.03548061289698068,0.12042241655207087,96,0.1444117075913765,True
163,2.5746698113333333e-06,0.000661630106,-0.0627893373440589,0.14317687924254208,120,0.17729226973390802,True
164,2.576851742039216e-06,0.000662217779,-0.07390946826010103,0.16342044483611273,96,0.12882566780772664,True
165,2.5741327216862746e-06,0.000661642378,-0.06395463617684505,0.23122866715427426,128,0.16498735273257084,True
166,2.5736551259215686e-06,0.000661409251,-0.13881546222853347,0.024087871546625284,192,0.1040502107595443,True
167,2.574257240431373e-06,0.000661602329,-0.19563322286587304,0.057232337644677944,128,0.12512710010199452,True
168,2.575103482980392e-06,0.000661787514,-0.06049290213382186,0.18112729065156152,140,0.18063055048487656,True
169,2.5752909876862743e-06,0.000661810791,-0.06541435064689316,0.06522020739280965,144,0.10226975731016062,True
170,2.5725953591764708e-06,0.000661144614,-0.08364562985351887,0.263753348696367,128,0.18597227250291173,True
171,2.5763293385882353e-06,0.00066210251,-0.2875184967594864,0.03392689750591282,128,0.17699692211866272,True
172,2.574221734745098e-06,0.000661468635,-0.18578614588243458,0.03901849786259404,64,0.14132330485372224,True
173,2.5737662584705882e-06,0.000661541295,-0.043488898070000115,0.07987583987197677,204,0.08320064154139954,True
174,2.5764722260784315e-06,0.000662144968,-0.0456679582599514,0.11231162167892572,112,0.09670630678937168,True
175,2.5745546136862744e-06,0.000661610229,-0.06358327487636439,0.057949280050464846,236,0.09827785382952081,True
176,2.5767861114117645e-06,0.000662268851,-0.10611944476134783,0.11651641836261972,40,0.12012092648591115,True
177,2.573163800509804e-06,0.000661400095,-0.08140515596725628,0.18565440699717262,224,0.13257200059880925,True
178,2.576268087254902e-06,0.000662068162,-0.0797009784310424,0.10434974297709676,194,0.13299755432946342,True
179,2.5773752808235293e-06,0.000662406789,-0.10871582532365665,0.17516374993409167,64,0.14374453711201382,True
180,2.577529705372549e-06,0.000662186117,-0.2611654499924603,0.05401889038844332,64,0.20853066063766404,True
181,2.5759925880784316e-06,0.000662125115,-0.20884943169799475,0.16485078951191734,128,0.22338865018493959,True
182,2.575183928e-06,0.000661836039,-0.11572762813547666,0.06373528128046835,196,0.12302812104223577,True
183,2.575871316509804e-06,0.000662055526,-0.18361294427963548,0.0927494638256694,128,0.15021670764007844,True
184,2.5737000776862748e-06,0.00066151355,-0.03205815564975589,0.09671831013718579,128,0.08465480444799736,True
185,2.5749122384313725e-06,0.000661665223,-0.07129650311623925,0.07048968848708626,192,0.07514220875312104,True
186,2.5755616156862743e-06,0.00066202321,-0.20193794336686355,0.048488214591001944,96,0.11967702541607902,True
187,2.5770596017254902e-06,0.000662381883,-0.13751082880979038,0.03544209773551543,64,0.09098275727821878,True
188,2.575933545568628e-06,0.000662043007,-0.22161113067169913,0.02214865151686829,64,0.16052799581074526,True
189,2.5731045418039213e-06,0.000661274729,-0.15965987200658271,0.07882596874744663,128,0.1367732132290659,True
190,2.57499542917647e-06,0.00066180515,-0.10973473039011772,0.11519071741357778,64,0.1332592468481361,True
191,2.5743438085882353e-06,0.000661679266,-0.07886895600769905,0.12911763778515395,128,0.11366393526140815,True
192,2.5754081920784314e-06,0.000661771503,-0.09644498019477898,0.16623337971759877,112,0.12680882518749523,True
193,2.5748932729019603e-06,0.000661604411,-0.09569572280727612,0.053115105211289926,192,0.0956549503883087,True
194,2.5755231736862744e-06,0.000662025211,-0.13347857910912742,0.09942012129025235,48,0.1413853488079275,True
195,2.5761909209411765e-06,0.000662088782,-0.046631606362987466,0.28009883630643784,128,0.20072290414920368,True
196,2.573273497137255e-06,0.000661312809,-0.10610861901814961,0.11865878353096404,128,0.1545942184458106,True
197,2.5740292945490197e-06,0.000661622246,-0.06820096994263725,0.09652753602191577,244,0.10785739376175983,True
198,2.5761939395686273e-06,0.000662149681,-0.12233626309259205,0.08229701078593754,224,0.12083736513160645,True
199,2.5755170572941175e-06,0.000661847339,-0.056855790133263584,0.03744993357071125,192,0.049479797369892664,True
