PVT,code,VDD,min V(out) with enable=0,as fraction of VDD,"supply current uA (enable=0, whole NAND+bias, min over b)"
tt_-40C_1.08V,0,1.08,1.08,1.0,5.817679999999999
tt_-40C_1.08V,16,1.08,1.08,1.0,51.344500000000004
tt_-40C_1.08V,255,1.08,1.08,1.0,571.1460000000001
tt_-40C_1.20V,0,1.2,1.2,1.0,7.28653
tt_-40C_1.20V,16,1.2,1.2,1.0,64.58409999999999
tt_-40C_1.20V,255,1.2,1.2,1.0,740.053
tt_-40C_1.32V,0,1.32,1.32,1.0,8.80238
tt_-40C_1.32V,16,1.32,1.32,1.0,78.2263
tt_-40C_1.32V,255,1.32,1.32,1.0,918.6529999999999
tt_27C_1.08V,0,1.08,1.07999,0.9999907407407407,4.6425
tt_27C_1.08V,16,1.08,1.08,1.0,40.713100000000004
tt_27C_1.08V,255,1.08,1.08,1.0,452.42699999999996
tt_27C_1.20V,0,1.2,1.19999,0.9999916666666666,5.79308
tt_27C_1.20V,16,1.2,1.2,1.0,51.055299999999995
tt_27C_1.20V,255,1.2,1.2,1.0,581.686
tt_27C_1.32V,0,1.32,1.31999,0.9999924242424242,6.99939
tt_27C_1.32V,16,1.32,1.32,1.0,61.8917
tt_27C_1.32V,255,1.32,1.32,1.0,719.8639999999999
tt_125C_1.08V,0,1.08,1.07963,0.9996574074074074,3.6562900000000003
tt_125C_1.08V,16,1.08,1.07993,0.9999351851851852,30.0452
tt_125C_1.08V,255,1.08,1.07998,0.9999814814814814,340.466
tt_125C_1.20V,0,1.2,1.19967,0.9997250000000001,4.4642800000000005
tt_125C_1.20V,16,1.2,1.19993,0.9999416666666666,37.2519
tt_125C_1.20V,255,1.2,1.19998,0.9999833333333334,430.831
tt_125C_1.32V,0,1.32,1.31969,0.9997651515151514,5.32524
tt_125C_1.32V,16,1.32,1.31994,0.9999545454545453,44.9316
tt_125C_1.32V,255,1.32,1.31998,0.9999848484848484,528.289
ss_-40C_1.08V,0,1.08,1.08,1.0,4.726970000000001
ss_-40C_1.08V,16,1.08,1.08,1.0,41.8852
ss_-40C_1.08V,255,1.08,1.08,1.0,477.317
ss_-40C_1.20V,0,1.2,1.2,1.0,6.06631
ss_-40C_1.20V,16,1.2,1.2,1.0,53.9429
ss_-40C_1.20V,255,1.2,1.2,1.0,633.149
ss_-40C_1.32V,0,1.32,1.32,1.0,7.46363
ss_-40C_1.32V,16,1.32,1.32,1.0,66.5085
ss_-40C_1.32V,255,1.32,1.32,1.0,799.7180000000001
ss_27C_1.08V,0,1.08,1.08,1.0,3.8152600000000003
ss_27C_1.08V,16,1.08,1.08,1.0,33.6379
ss_27C_1.08V,255,1.08,1.08,1.0,380.549
ss_27C_1.20V,0,1.2,1.2,1.0,4.86568
ss_27C_1.20V,16,1.2,1.2,1.0,43.0759
ss_27C_1.20V,255,1.2,1.2,1.0,499.77099999999996
ss_27C_1.32V,0,1.32,1.32,1.0,5.9783
ss_27C_1.32V,16,1.32,1.32,1.0,53.069100000000006
ss_27C_1.32V,255,1.32,1.32,1.0,628.5970000000001
ss_125C_1.08V,0,1.08,1.07994,0.9999444444444443,2.88359
ss_125C_1.08V,16,1.08,1.07999,0.9999907407407407,25.0396
ss_125C_1.08V,255,1.08,1.08,1.0,288.906
ss_125C_1.20V,0,1.2,1.19995,0.9999583333333334,3.62036
ss_125C_1.20V,16,1.2,1.19999,0.9999916666666666,31.630100000000002
ss_125C_1.20V,255,1.2,1.2,1.0,372.145
ss_125C_1.32V,0,1.32,1.31995,0.9999621212121211,4.41288
ss_125C_1.32V,16,1.32,1.31999,0.9999924242424242,38.720699999999994
ss_125C_1.32V,255,1.32,1.32,1.0,462.803
ff_-40C_1.08V,0,1.08,1.07999,0.9999907407407407,7.013389999999999
ff_-40C_1.08V,16,1.08,1.08,1.0,61.616600000000005
ff_-40C_1.08V,255,1.08,1.08,1.0,674.124
ff_-40C_1.20V,0,1.2,1.19999,0.9999916666666666,8.595509999999999
ff_-40C_1.20V,16,1.2,1.2,1.0,75.8828
ff_-40C_1.20V,255,1.2,1.2,1.0,854.701
ff_-40C_1.32V,0,1.32,1.31999,0.9999924242424242,10.2117
ff_-40C_1.32V,16,1.32,1.32,1.0,90.4292
ff_-40C_1.32V,255,1.32,1.32,1.0,1043.58
ff_27C_1.08V,0,1.08,1.07997,0.9999722222222223,5.61231
ff_27C_1.08V,16,1.08,1.07999,0.9999907407407407,48.4899
ff_27C_1.08V,255,1.08,1.08,1.0,531.913
ff_27C_1.20V,0,1.2,1.19997,0.9999750000000001,6.85536
ff_27C_1.20V,16,1.2,1.19999,0.9999916666666666,59.6516
ff_27C_1.20V,255,1.2,1.2,1.0,670.543
ff_27C_1.32V,0,1.32,1.31997,0.9999772727272728,8.1459
ff_27C_1.32V,16,1.32,1.31999,0.9999924242424242,71.2291
ff_27C_1.32V,255,1.32,1.32,1.0,817.17
ff_125C_1.08V,0,1.08,1.07887,0.9989537037037036,5.25411
ff_125C_1.08V,16,1.08,1.07974,0.9997592592592591,36.2221
ff_125C_1.08V,255,1.08,1.07993,0.9999351851851852,397.72499999999997
ff_125C_1.20V,0,1.2,1.19893,0.9991083333333334,6.139390000000001
ff_125C_1.20V,16,1.2,1.19975,0.9997916666666667,44.024699999999996
ff_125C_1.20V,255,1.2,1.19993,0.9999416666666666,495.007
ff_125C_1.32V,0,1.32,1.31898,0.9992272727272727,7.0734900000000005
ff_125C_1.32V,16,1.32,1.31976,0.9998181818181818,52.26
ff_125C_1.32V,255,1.32,1.31994,0.9999545454545453,598.908
sf_-40C_1.08V,0,1.08,1.08,1.0,5.28587
sf_-40C_1.08V,16,1.08,1.08,1.0,47.0292
sf_-40C_1.08V,255,1.08,1.08,1.0,558.7090000000001
sf_-40C_1.20V,0,1.2,1.2,1.0,6.69146
sf_-40C_1.20V,16,1.2,1.2,1.0,59.631099999999996
sf_-40C_1.20V,255,1.2,1.2,1.0,723.634
sf_-40C_1.32V,0,1.32,1.31999,0.9999924242424242,8.14938
sf_-40C_1.32V,16,1.32,1.32,1.0,72.70060000000001
sf_-40C_1.32V,255,1.32,1.32,1.0,898.005
sf_27C_1.08V,0,1.08,1.07999,0.9999907407407407,4.24125
sf_27C_1.08V,16,1.08,1.08,1.0,37.6013
sf_27C_1.08V,255,1.08,1.08,1.0,443.629
sf_27C_1.20V,0,1.2,1.19999,0.9999916666666666,5.34338
sf_27C_1.20V,16,1.2,1.2,1.0,47.47
sf_27C_1.20V,255,1.2,1.2,1.0,570.308
sf_27C_1.32V,0,1.32,1.31999,0.9999924242424242,6.50432
sf_27C_1.32V,16,1.32,1.32,1.0,57.8666
sf_27C_1.32V,255,1.32,1.32,1.0,705.823
sf_125C_1.08V,0,1.08,1.07985,0.999861111111111,3.24002
sf_125C_1.08V,16,1.08,1.07997,0.9999722222222223,27.8019
sf_125C_1.08V,255,1.08,1.07999,0.9999907407407407,332.935
sf_125C_1.20V,0,1.2,1.19987,0.9998916666666667,4.01378
sf_125C_1.20V,16,1.2,1.19997,0.9999750000000001,34.7033
sf_125C_1.20V,255,1.2,1.19999,0.9999916666666666,421.55600000000004
sf_125C_1.32V,0,1.32,1.31987,0.9999015151515152,4.84184
sf_125C_1.32V,16,1.32,1.31998,0.9999848484848484,42.0915
sf_125C_1.32V,255,1.32,1.31999,0.9999924242424242,517.283
fs_-40C_1.08V,0,1.08,1.08,1.0,6.3402199999999995
fs_-40C_1.08V,16,1.08,1.08,1.0,55.1787
fs_-40C_1.08V,255,1.08,1.08,1.0,577.316
fs_-40C_1.20V,0,1.2,1.2,1.0,7.868989999999999
fs_-40C_1.20V,16,1.2,1.2,1.0,69.0666
fs_-40C_1.20V,255,1.2,1.2,1.0,749.38
fs_-40C_1.32V,0,1.32,1.32,1.0,9.436509999999998
fs_-40C_1.32V,16,1.32,1.32,1.0,83.2749
fs_-40C_1.32V,255,1.32,1.32,1.0,931.235
fs_27C_1.08V,0,1.08,1.07999,0.9999907407407407,5.04786
fs_27C_1.08V,16,1.08,1.08,1.0,43.4786
fs_27C_1.08V,255,1.08,1.08,1.0,456.932
fs_27C_1.20V,0,1.2,1.19999,0.9999916666666666,6.2455300000000005
fs_27C_1.20V,16,1.2,1.2,1.0,54.2918
fs_27C_1.20V,255,1.2,1.2,1.0,588.293
fs_27C_1.32V,0,1.32,1.31998,0.9999848484848484,7.49411
fs_27C_1.32V,16,1.32,1.32,1.0,65.5594
fs_27C_1.32V,255,1.32,1.32,1.0,728.572
fs_125C_1.08V,0,1.08,1.07931,0.999361111111111,4.24543
fs_125C_1.08V,16,1.08,1.07986,0.9998703703703703,32.2573
fs_125C_1.08V,255,1.08,1.07996,0.9999629629629629,345.252
fs_125C_1.20V,0,1.2,1.19937,0.9994750000000001,5.08941
fs_125C_1.20V,16,1.2,1.19987,0.9998916666666667,39.771699999999996
fs_125C_1.20V,255,1.2,1.19996,0.9999666666666667,437.099
fs_125C_1.32V,0,1.32,1.3194,0.9995454545454544,5.98409
fs_125C_1.32V,16,1.32,1.31987,0.9999015151515152,47.740700000000004
fs_125C_1.32V,255,1.32,1.31996,0.999969696969697,535.98
