PVT,corner,temp,vdd,code,f_hz,edges,idd_run_A,idd_dis_A,vbp,vbn,clk_dis_V,clk_hold_min_V,tstart_s,vmax,vmin
tt_-40C_1.08V,mos_tt,-40,1.08,0,4773269.689737463,12,6.2534e-06,5.81789e-06,0.691371,0.307649,1.08,1.08,1.0610521052631586e-07,1.09857,-0.0109469
tt_-40C_1.08V,mos_tt,-40,1.08,1,7159733.657907962,12,9.26612e-06,8.71132e-06,0.678292,0.319791,1.08,1.08,7.141841379310342e-08,1.09817,-0.0177011
tt_-40C_1.08V,mos_tt,-40,1.08,2,9557488.292076861,12,1.23324e-05,1.15974e-05,0.668289,0.32892,1.08,1.08,5.429674358974356e-08,1.09244,-0.0224969
tt_-40C_1.08V,mos_tt,-40,1.08,4,14263300.52774207,12,1.83413e-05,1.73493e-05,0.652885,0.342702,1.08,1.08,3.7060773109243706e-08,1.10044,-0.0211278
tt_-40C_1.08V,mos_tt,-40,1.08,8,23463162.8343501,12,3.03256e-05,2.87779e-05,0.630691,0.361998,1.08,1.08,2.3075099009900983e-08,1.10008,-0.0217723
tt_-40C_1.08V,mos_tt,-40,1.08,16,40983606.557376996,12,5.39225e-05,5.13448e-05,0.600082,0.387674,1.08,1.08,1.3608357994579949e-08,1.09721,-0.0184933
tt_-40C_1.08V,mos_tt,-40,1.08,32,72653298.45974985,12,9.97305e-05,9.53118e-05,0.558939,0.420854,1.08,1.08,7.941219708029198e-09,1.09105,-0.0185665
tt_-40C_1.08V,mos_tt,-40,1.08,64,125486259.25461146,12,0.000186157,0.000178598,0.504816,0.462788,1.08,1.08,4.7242841269841265e-09,1.09221,-0.00911091
tt_-40C_1.08V,mos_tt,-40,1.08,128,204708290.68577248,12,0.00034043,0.000328162,0.435814,0.514142,1.08,1.08,2.9639407407407415e-09,1.09804,-0.0135375
tt_-40C_1.08V,mos_tt,-40,1.08,255,302819247.19135255,12,0.000589737,0.000571148,0.35307,0.573165,1.08,1.08,2.0353136144578312e-09,1.10459,-0.0180578
tt_-40C_1.20V,mos_tt,-40,1.2,0,5191568.892119193,12,8.02011e-06,7.28678e-06,0.80422,0.314667,1.2,1.2,9.571721052631584e-08,1.21983,-0.0151339
tt_-40C_1.20V,mos_tt,-40,1.2,1,7797878.976918269,12,1.18094e-05,1.09146e-05,0.79048,0.327344,1.2,1.2,6.348741379310345e-08,1.21579,-0.0196983
tt_-40C_1.20V,mos_tt,-40,1.2,2,10486577.181208039,12,1.56841e-05,1.4535e-05,0.779879,0.336943,1.2,1.2,4.833874358974358e-08,1.2276,-0.0118997
tt_-40C_1.20V,mos_tt,-40,1.2,4,15782828.282828322,12,2.31986e-05,2.17561e-05,0.763415,0.35154,1.2,1.2,3.260877310924369e-08,1.23108,-0.0258738
tt_-40C_1.20V,mos_tt,-40,1.2,8,26288117.77076766,12,3.83041e-05,3.61254e-05,0.739444,0.372168,1.2,1.2,2.003509900990099e-08,1.23003,-0.0341158
tt_-40C_1.20V,mos_tt,-40,1.2,16,46943948.92498366,12,6.81981e-05,6.45845e-05,0.706012,0.399908,1.2,1.2,1.1590057994579947e-08,1.22609,-0.0281748
tt_-40C_1.20V,mos_tt,-40,1.2,32,85866391.89421283,12,0.000126491,0.000120352,0.660538,0.436178,1.2,1.2,6.590019708029197e-09,1.2164,-0.0154423
tt_-40C_1.20V,mos_tt,-40,1.2,64,153186274.50980413,12,0.000237633,0.000226976,0.599925,0.482626,1.2,1.2,3.839684126984127e-09,1.21054,-0.0148839
tt_-40C_1.20V,mos_tt,-40,1.2,128,255689082.0761944,12,0.000438193,0.000420772,0.521495,0.540365,1.2,1.2,2.377340740740741e-09,1.21536,-0.0106988
tt_-40C_1.20V,mos_tt,-40,1.2,255,384630178.08377373,12,0.000765973,0.000740056,0.425818,0.607913,1.2,1.2,1.6169636144578313e-09,1.22158,-0.0148504
tt_-40C_1.32V,mos_tt,-40,1.32,0,5423581.73337668,12,9.94403e-06,8.80268e-06,0.917959,0.320817,1.32,1.32,9.042721052631582e-08,1.34432,-0.0121221
tt_-40C_1.32V,mos_tt,-40,1.32,1,8241984.669908486,12,1.4567e-05,1.3188e-05,0.90358,0.334005,1.32,1.32,5.989641379310343e-08,1.34999,-0.0180342
tt_-40C_1.32V,mos_tt,-40,1.32,2,11057054.400707617,12,1.92073e-05,1.75658e-05,0.892407,0.34405,1.32,1.32,4.500974358974359e-08,1.35527,-0.0207827
tt_-40C_1.32V,mos_tt,-40,1.32,4,16739203.213927053,12,2.84777e-05,2.63014e-05,0.874938,0.359413,1.32,1.32,3.0249773109243685e-08,1.36415,-0.0354041
tt_-40C_1.32V,mos_tt,-40,1.32,8,28129395.218002792,12,4.67388e-05,4.37003e-05,0.849301,0.381277,1.32,1.32,1.8290099009900983e-08,1.36439,-0.0419133
tt_-40C_1.32V,mos_tt,-40,1.32,16,50882816.87274188,12,8.30048e-05,7.82269e-05,0.813244,0.410915,1.32,1.32,1.046985799457995e-08,1.35591,-0.0417908
tt_-40C_1.32V,mos_tt,-40,1.32,32,95283468.31824712,12,0.000154241,0.000146165,0.763753,0.45002,1.32,1.32,5.813119708029195e-09,1.35103,-0.0182022
tt_-40C_1.32V,mos_tt,-40,1.32,64,175716042.87471464,12,0.000290979,0.00027706,0.697053,0.500661,1.32,1.32,3.3053841269841276e-09,1.32841,-0.00614515
tt_-40C_1.32V,mos_tt,-40,1.32,128,302206104.5633104,12,0.000540968,0.000517542,0.609572,0.564481,1.32,1.32,2.0058407407407416e-09,1.33426,-0.00925779
tt_-40C_1.32V,mos_tt,-40,1.32,255,464015590.92385495,12,0.000953819,0.000918658,0.501174,0.640394,1.32,1.32,1.3481536144578317e-09,1.3398,-0.012891
tt_27C_1.08V,mos_tt,27,1.08,0,3561634.077714851,12,5.1546e-06,4.6429e-06,0.743646,0.246826,1.08,1.08,1.3785221052631584e-07,1.08095,-0.0143762
tt_27C_1.08V,mos_tt,27,1.08,1,5429176.393941039,12,7.56589e-06,6.9444e-06,0.728058,0.261253,1.08,1.08,9.154241379310342e-08,1.10123,-0.0204134
tt_27C_1.08V,mos_tt,27,1.08,2,7308872.971787714,12,1.00027e-05,9.23843e-06,0.716353,0.271969,1.08,1.08,6.87777435897436e-08,1.08782,-0.0230253
tt_27C_1.08V,mos_tt,27,1.08,4,11061946.902654866,12,1.47928e-05,1.38062e-05,0.69868,0.287933,1.08,1.08,4.6084773109243695e-08,1.09766,-0.0131373
tt_27C_1.08V,mos_tt,27,1.08,8,18552875.69573283,12,2.42934e-05,2.28674e-05,0.673869,0.309879,1.08,1.08,2.8150099009900994e-08,1.10014,-0.0216044
tt_27C_1.08V,mos_tt,27,1.08,16,33156498.67374005,12,4.30708e-05,4.07137e-05,0.640635,0.338461,1.08,1.08,1.628895799457995e-08,1.09473,-0.0178287
tt_27C_1.08V,mos_tt,27,1.08,32,60441220.91266246,12,7.92955e-05,7.53658e-05,0.597176,0.37463,1.08,1.08,9.295919708029196e-09,1.08562,-0.00614739
tt_27C_1.08V,mos_tt,27,1.08,64,107284626.1130782,12,0.000147579,0.000140837,0.54125,0.419597,1.08,1.08,5.436384126984129e-09,1.08846,-0.0056738
tt_27C_1.08V,mos_tt,27,1.08,128,178284899.26903167,12,0.000269488,0.000258648,0.470904,0.474225,1.08,1.08,3.373040740740741e-09,1.09246,-0.00880815
tt_27C_1.08V,mos_tt,27,1.08,255,268247538.82883126,12,0.000468815,0.000452431,0.386707,0.537255,1.08,1.08,2.285423614457832e-09,1.09751,-0.0125996
tt_27C_1.20V,mos_tt,27,1.2,0,3808798.3241287293,12,6.63386e-06,5.79353e-06,0.855202,0.254942,1.2,1.2,1.2731521052631583e-07,1.22021,-0.0141003
tt_27C_1.20V,mos_tt,27,1.2,1,5803830.528148578,12,9.64754e-06,8.66985e-06,0.839023,0.269864,1.2,1.2,8.420841379310342e-08,1.21571,-0.0215737
tt_27C_1.20V,mos_tt,27,1.2,2,7819831.091648423,12,1.27196e-05,1.15386e-05,0.826778,0.281022,1.2,1.2,6.303674358974357e-08,1.2287,-0.0263065
tt_27C_1.20V,mos_tt,27,1.2,4,11893434.823977157,12,1.87451e-05,1.72557e-05,0.808134,0.297761,1.2,1.2,4.2178773109243686e-08,1.22871,-0.0311741
tt_27C_1.20V,mos_tt,27,1.2,8,20112630.732099738,12,3.073e-05,2.86154e-05,0.781675,0.320992,1.2,1.2,2.5444099009900996e-08,1.21663,-0.012712
tt_27C_1.20V,mos_tt,27,1.2,16,36528345.99649325,12,5.43095e-05,5.10561e-05,0.745783,0.351597,1.2,1.2,1.4460057994579946e-08,1.2271,-0.0254673
tt_27C_1.20V,mos_tt,27,1.2,32,68352699.93164721,12,0.000100269,9.48548e-05,0.698226,0.390819,1.2,1.2,8.041519708029195e-09,1.2115,-0.00310971
tt_27C_1.20V,mos_tt,27,1.2,64,125643925.11622065,12,0.000187462,0.000178238,0.636196,0.440241,1.2,1.2,4.572784126984127e-09,1.20805,-0.0102414
tt_27C_1.20V,mos_tt,27,1.2,128,215656674.57407728,12,0.000344865,0.000329709,0.557076,0.501129,1.2,1.2,2.7741407407407403e-09,1.2116,-0.00759138
tt_27C_1.20V,mos_tt,27,1.2,255,331972247.1201403,12,0.00060459,0.000581692,0.460897,0.572492,1.2,1.2,1.8533936144578323e-09,1.21624,-0.0108479
tt_27C_1.32V,mos_tt,27,1.32,0,4017677.782241846,12,8.31592e-06,6.99991e-06,0.967761,0.262106,1.32,1.32,1.2020421052631584e-07,1.34457,-0.0153718
tt_27C_1.32V,mos_tt,27,1.32,1,6108735.491753182,12,1.2063e-05,1.04787e-05,0.950999,0.277514,1.32,1.32,7.943441379310346e-08,1.35007,-0.0218806
tt_27C_1.32V,mos_tt,27,1.32,2,8218277.449046657,12,1.57325e-05,1.39497e-05,0.938225,0.289099,1.32,1.32,5.953674358974357e-08,1.3538,-0.029131
tt_27C_1.32V,mos_tt,27,1.32,4,12487512.487512527,12,2.3013e-05,2.0871e-05,0.918642,0.306582,1.32,1.32,3.9642773109243696e-08,1.35973,-0.0365586
tt_27C_1.32V,mos_tt,27,1.32,8,21155066.638459925,12,3.75387e-05,3.46384e-05,0.8906,0.331036,1.32,1.32,2.382709900990099e-08,1.33211,-0.0375002
tt_27C_1.32V,mos_tt,27,1.32,16,38764197.38729301,12,6.6185e-05,6.18927e-05,0.852183,0.363547,1.32,1.32,1.3388457994579943e-08,1.35339,-0.0237898
tt_27C_1.32V,mos_tt,27,1.32,32,73887985.81350647,12,0.000122345,0.000115299,0.80074,0.40564,1.32,1.32,7.303019708029198e-09,1.33845,-0.0276177
tt_27C_1.32V,mos_tt,27,1.32,64,139840581.73681986,12,0.000229759,0.000217627,0.732877,0.459288,1.32,1.32,4.042384126984126e-09,1.32787,-0.018406
tt_27C_1.32V,mos_tt,27,1.32,128,248200546.04120195,12,0.000424961,0.000405064,0.645242,0.526207,1.32,1.32,2.3899407407407408e-09,1.3314,-0.00695873
tt_27C_1.32V,mos_tt,27,1.32,255,392095357.5909659,12,0.000750449,0.000719873,0.537244,0.605746,1.32,1.32,1.5701836144578316e-09,1.33561,-0.00980595
tt_125C_1.08V,mos_tt,125,1.08,0,2359659.2652021036,10,4.39907e-06,3.66615e-06,0.841913,0.147521,1.08,1.08,2.011512105263158e-07,1.09656,-0.01756
tt_125C_1.08V,mos_tt,125,1.08,1,3524477.496211188,10,6.20441e-06,5.34904e-06,0.823408,0.164491,1.08,1.08,1.3582141379310342e-07,1.09336,-0.0196248
tt_125C_1.08V,mos_tt,125,1.08,2,4710093.730865241,9,7.94979e-06,7.02648e-06,0.809538,0.177224,1.08,1.08,1.0234374358974359e-07,1.09846,-0.0244609
tt_125C_1.08V,mos_tt,125,1.08,4,7125298.371869326,9,1.14774e-05,1.03667e-05,0.788788,0.196245,1.08,1.08,6.848477310924371e-08,1.09809,-0.0233536
tt_125C_1.08V,mos_tt,125,1.08,8,12068549.360366877,9,1.84732e-05,1.69941e-05,0.760215,0.2223,1.08,1.08,4.1135099009900974e-08,1.08896,-0.022936
tt_125C_1.08V,mos_tt,125,1.08,16,22175653.350186825,9,3.22287e-05,3.00554e-05,0.722978,0.255898,1.08,1.08,2.2971057994579948e-08,1.08279,-0.00125419
tt_125C_1.08V,mos_tt,125,1.08,32,42426813.746287666,10,5.90225e-05,5.5469e-05,0.675703,0.297884,1.08,1.08,1.2467819708029194e-08,1.08326,-0.0112085
tt_125C_1.08V,mos_tt,125,1.08,64,80450522.92839895,11,0.000109756,0.000103756,0.616332,0.349569,1.08,1.08,6.879784126984129e-09,1.08501,-0.00280047
tt_125C_1.08V,mos_tt,125,1.08,128,143184421.5349369,11,0.000201539,0.000191788,0.542668,0.412226,1.08,1.08,4.0479407407407414e-09,1.08747,-0.00469786
tt_125C_1.08V,mos_tt,125,1.08,255,227546817.7577538,11,0.000355093,0.000340482,0.454344,0.485307,1.08,1.08,2.6349336144578313e-09,1.09068,-0.00724842
tt_125C_1.20V,mos_tt,125,1.2,0,2524678.734631015,11,5.60047e-06,4.47498e-06,0.95226,0.156591,1.2,1.2,1.8699821052631582e-07,1.20722,-0.0179813
tt_125C_1.20V,mos_tt,125,1.2,1,3774154.5893719844,10,7.84264e-06,6.55932e-06,0.933102,0.174212,1.2,1.2,1.2634841379310345e-07,1.22251,-0.0233137
tt_125C_1.20V,mos_tt,125,1.2,2,5043118.664582167,10,1.00603e-05,8.63795e-06,0.918699,0.187456,1.2,1.2,9.50717435897436e-08,1.2205,-0.0279726
tt_125C_1.20V,mos_tt,125,1.2,4,7614986.29302467,10,1.44254e-05,1.27799e-05,0.897051,0.207312,1.2,1.2,6.355677310924371e-08,1.22378,-0.0315166
tt_125C_1.20V,mos_tt,125,1.2,8,12870012.870012885,10,2.31295e-05,2.10085e-05,0.867,0.234692,1.2,1.2,3.8214099009901e-08,1.21954,-0.0304883
tt_125C_1.20V,mos_tt,125,1.2,16,23682091.602330275,10,4.02668e-05,3.72632e-05,0.827404,0.27034,1.2,1.2,2.126175799457994e-08,1.21987,-0.0197618
tt_125C_1.20V,mos_tt,125,1.2,32,45758213.59934101,11,7.37789e-05,6.90149e-05,0.776482,0.315407,1.2,1.2,1.1386119708029194e-08,1.20715,-0.0193981
tt_125C_1.20V,mos_tt,125,1.2,64,88857295.18393458,11,0.000137532,0.000129691,0.71166,0.371587,1.2,1.2,6.131084126984126e-09,1.205,-0.00315003
tt_125C_1.20V,mos_tt,125,1.2,128,163559044.81517833,12,0.000253998,0.000241094,0.630133,0.440567,1.2,1.2,3.5032407407407402e-09,1.20751,-0.0044327
tt_125C_1.20V,mos_tt,125,1.2,255,268305116.57857245,12,0.000450777,0.000430851,0.530978,0.522109,1.2,1.2,2.226383614457832e-09,1.21076,-0.00695879
tt_125C_1.32V,mos_tt,125,1.32,0,2681396.47128224,11,7.03241e-06,5.33682e-06,1.06357,0.164806,1.32,1.32,1.758122105263159e-07,1.33785,-0.0180547
tt_125C_1.32V,mos_tt,125,1.32,1,4007694.773966021,11,9.77185e-06,7.84898e-06,1.0438,0.183027,1.32,1.32,1.1843941379310345e-07,1.34589,-0.0227793
tt_125C_1.32V,mos_tt,125,1.32,2,5348594.656753933,11,1.24331e-05,1.03551e-05,1.02888,0.196755,1.32,1.32,8.92587435897436e-08,1.3268,-0.0124407
tt_125C_1.32V,mos_tt,125,1.32,4,8060615.831049494,11,1.77389e-05,1.53514e-05,1.00636,0.217412,1.32,1.32,5.96797731092437e-08,1.33638,-0.0188398
tt_125C_1.32V,mos_tt,125,1.32,8,13581420.616596496,11,2.83009e-05,2.5286e-05,0.974876,0.24607,1.32,1.32,3.5973099009901e-08,1.33813,-0.0393789
tt_125C_1.32V,mos_tt,125,1.32,16,24925224.32701893,11,4.90516e-05,4.49441e-05,0.932989,0.283691,1.32,1.32,2.002715799457995e-08,1.34238,-0.0109264
tt_125C_1.32V,mos_tt,125,1.32,32,48339536.90723635,11,8.95599e-05,8.34615e-05,0.878532,0.331722,1.32,1.32,1.0654119708029198e-08,1.33321,-0.0139198
tt_125C_1.32V,mos_tt,125,1.32,64,95383441.43456693,12,0.000167473,0.000157418,0.808408,0.392241,1.32,1.32,5.636484126984129e-09,1.32494,-0.00907167
tt_125C_1.32V,mos_tt,125,1.32,128,180570603.10581416,12,0.000310629,0.000294027,0.719163,0.467378,1.32,1.32,3.1386407407407417e-09,1.32754,-0.00417016
tt_125C_1.32V,mos_tt,125,1.32,255,305175781.25000006,12,0.000553806,0.000528315,0.609268,0.557232,1.32,1.32,1.947973614457831e-09,1.33091,-0.00671783
ss_-40C_1.08V,mos_ss,-40,1.08,0,3910374.222813118,12,4.98571e-06,4.73099e-06,0.651377,0.359803,1.08,1.08,1.3412721052631582e-07,1.08626,-0.0121175
ss_-40C_1.08V,mos_ss,-40,1.08,1,5803493.703209336,12,7.43637e-06,7.09723e-06,0.638916,0.371411,1.08,1.08,9.162541379310344e-08,1.08247,-0.00756313
ss_-40C_1.08V,mos_ss,-40,1.08,2,7661074.082586388,12,9.88891e-06,9.41235e-06,0.629438,0.380108,1.08,1.08,7.00937435897436e-08,1.08446,-0.0150316
ss_-40C_1.08V,mos_ss,-40,1.08,4,11282861.333634173,12,1.47758e-05,1.40826e-05,0.614921,0.393197,1.08,1.08,4.8339773109243684e-08,1.09599,-0.015673
ss_-40C_1.08V,mos_ss,-40,1.08,8,18211619.012930267,12,2.45073e-05,2.35015e-05,0.594124,0.411465,1.08,1.08,3.050709900990099e-08,1.09819,-0.0047567
ss_-40C_1.08V,mos_ss,-40,1.08,16,31158471.988533556,12,4.37072e-05,4.18854e-05,0.565576,0.435723,1.08,1.08,1.820785799457995e-08,1.09517,-0.0170614
ss_-40C_1.08V,mos_ss,-40,1.08,32,54513737.4618404,12,8.11904e-05,7.79971e-05,0.527291,0.467074,1.08,1.08,1.0624519708029199e-08,1.0923,-0.0122555
ss_-40C_1.08V,mos_ss,-40,1.08,64,94366330.09342244,12,0.000152403,0.000146885,0.476935,0.506793,1.08,1.08,6.2503841269841285e-09,1.0981,-0.0144122
ss_-40C_1.08V,mos_ss,-40,1.08,128,156225589.7516012,12,0.000281106,0.000271785,0.412676,0.55567,1.08,1.08,3.8440407407407405e-09,1.1051,-0.0198538
ss_-40C_1.08V,mos_ss,-40,1.08,255,235710076.60577455,11,0.000491214,0.000477318,0.335452,0.612307,1.08,1.08,2.5826936144578315e-09,1.11193,-0.0246376
ss_-40C_1.20V,mos_ss,-40,1.2,0,4502881.844380416,12,6.4684e-06,6.0687e-06,0.763803,0.367225,1.2,1.2,1.1270321052631588e-07,1.22279,-0.014808
ss_-40C_1.20V,mos_ss,-40,1.2,1,6730833.950326438,12,9.64655e-06,9.08886e-06,0.750697,0.379366,1.2,1.2,7.602641379310346e-08,1.22334,-0.0183998
ss_-40C_1.20V,mos_ss,-40,1.2,2,8977466.558937099,12,1.28067e-05,1.21239e-05,0.740633,0.388536,1.2,1.2,5.782774358974357e-08,1.21501,-0.0219707
ss_-40C_1.20V,mos_ss,-40,1.2,4,13401232.913427994,12,1.91042e-05,1.81399e-05,0.725066,0.402452,1.2,1.2,3.9354773109243687e-08,1.22391,-0.0232306
ss_-40C_1.20V,mos_ss,-40,1.2,8,22133687.472332846,12,3.16493e-05,2.99908e-05,0.702499,0.42208,1.2,1.2,2.443609900990099e-08,1.20935,-0.0119373
ss_-40C_1.20V,mos_ss,-40,1.2,16,38863627.53099369,12,5.64997e-05,5.42286e-05,0.671129,0.448452,1.2,1.2,1.432925799457994e-08,1.22278,-0.0115498
ss_-40C_1.20V,mos_ss,-40,1.2,32,69570057.04744682,12,0.000105364,0.000100796,0.628518,0.482971,1.2,1.2,8.258419708029197e-09,1.21334,-0.00712986
ss_-40C_1.20V,mos_ss,-40,1.2,64,122279285.88897067,12,0.000198941,0.00019101,0.571688,0.527337,1.2,1.2,4.825584126984128e-09,1.21375,-0.0105318
ss_-40C_1.20V,mos_ss,-40,1.2,128,204373594.93153527,12,0.000370042,0.00035664,0.498043,0.582843,1.2,1.2,2.9585407407407406e-09,1.2202,-0.0146445
ss_-40C_1.20V,mos_ss,-40,1.2,255,311672120.92878306,12,0.000653848,0.00063315,0.408007,0.648437,1.2,1.2,1.977133614457832e-09,1.22767,-0.0196448
ss_-40C_1.32V,mos_ss,-40,1.32,0,4962040.39100878,12,8.17408e-06,7.4668e-06,0.877233,0.373675,1.32,1.32,1.0096421052631583e-07,1.34544,-0.0158948
ss_-40C_1.32V,mos_ss,-40,1.32,1,7449344.457687737,12,1.20399e-05,1.11969e-05,0.863498,0.386333,1.32,1.32,6.769741379310346e-08,1.34763,-0.0155549
ss_-40C_1.32V,mos_ss,-40,1.32,2,9931472.83742176,12,1.59076e-05,1.49119e-05,0.852865,0.395957,1.32,1.32,5.1012743589743595e-08,1.34395,-0.0248335
ss_-40C_1.32V,mos_ss,-40,1.32,4,14923145.7991345,12,2.37886e-05,2.22128e-05,0.836294,0.410656,1.32,1.32,3.4505773109243694e-08,1.35004,-0.0302126
ss_-40C_1.32V,mos_ss,-40,1.32,8,24869435.463814896,12,3.92366e-05,3.70663e-05,0.812057,0.431555,1.32,1.32,2.122909900990098e-08,1.32609,-0.0115226
ss_-40C_1.32V,mos_ss,-40,1.32,16,44599054.500044465,12,7.00491e-05,6.73011e-05,0.778054,0.45988,1.32,1.32,1.221625799457994e-08,1.33409,-0.011694
ss_-40C_1.32V,mos_ss,-40,1.32,32,81994096.42505766,12,0.000130777,0.000124555,0.731432,0.497306,1.32,1.32,6.893019708029196e-09,1.3275,-0.0143144
ss_-40C_1.32V,mos_ss,-40,1.32,64,147972773.0097665,12,0.000248146,0.000237149,0.668551,0.545985,1.32,1.32,3.963384126984129e-09,1.33181,-0.0191358
ss_-40C_1.32V,mos_ss,-40,1.32,128,251762336.3544828,12,0.000464747,0.000446199,0.585923,0.607825,1.32,1.32,2.4090407407407412e-09,1.33719,-0.011472
ss_-40C_1.32V,mos_ss,-40,1.32,255,388862964.69124335,12,0.000828361,0.00079972,0.483297,0.682282,1.32,1.32,1.6003236144578309e-09,1.34417,-0.0159137
ss_27C_1.08V,mos_ss,27,1.08,0,3198669.3535489347,12,4.07522e-06,3.81547e-06,0.703463,0.298556,1.08,1.08,1.5860721052631584e-07,1.09564,-0.0116318
ss_27C_1.08V,mos_ss,27,1.08,1,4803766.152663698,12,6.0718e-06,5.71178e-06,0.688377,0.312513,1.08,1.08,1.0696341379310346e-07,1.08292,-0.0154959
ss_27C_1.08V,mos_ss,27,1.08,2,6393453.104021458,12,8.04756e-06,7.60301e-06,0.677104,0.322846,1.08,1.08,8.131974358974358e-08,1.09163,-0.0126329
ss_27C_1.08V,mos_ss,27,1.08,4,9538344.143456727,12,1.20067e-05,1.13717e-05,0.660162,0.338191,1.08,1.08,5.55177731092437e-08,1.09053,-0.0111019
ss_27C_1.08V,mos_ss,27,1.08,8,15666614.444618542,12,1.98294e-05,1.88582e-05,0.636511,0.359212,1.08,1.08,3.461509900990099e-08,1.09547,-0.00184742
ss_27C_1.08V,mos_ss,27,1.08,16,27281407.72063836,12,3.52952e-05,3.36382e-05,0.604996,0.386506,1.08,1.08,2.0464657994579944e-08,1.0908,-0.0129146
ss_27C_1.08V,mos_ss,27,1.08,32,48271867.15582162,11,6.52896e-05,6.24445e-05,0.563939,0.420975,1.08,1.08,1.1915919708029196e-08,1.08778,-0.0102128
ss_27C_1.08V,mos_ss,27,1.08,64,83731055.84861441,11,0.000122115,0.000117153,0.511221,0.46379,1.08,1.08,7.038384126984129e-09,1.09184,-0.008755
ss_27C_1.08V,mos_ss,27,1.08,128,138255219.1345224,11,0.000224575,0.000216235,0.445017,0.515823,1.08,1.08,4.348140740740742e-09,1.09744,-0.0132953
ss_27C_1.08V,mos_ss,27,1.08,255,209424083.76963344,10,0.000392937,0.00038055,0.365868,0.576009,1.08,1.08,2.908563614457832e-09,1.10368,-0.0179481
ss_27C_1.20V,mos_ss,27,1.2,0,3552145.495879507,12,5.33591e-06,4.86592e-06,0.814479,0.307159,1.2,1.2,1.3977121052631587e-07,1.22085,-0.0153294
ss_27C_1.20V,mos_ss,27,1.2,1,5376633.1523200255,12,7.88131e-06,7.28701e-06,0.798821,0.321603,1.2,1.2,9.334741379310343e-08,1.22456,-0.019471
ss_27C_1.20V,mos_ss,27,1.2,2,7195279.896387984,12,1.04141e-05,9.7029e-06,0.78702,0.332373,1.2,1.2,7.052574358974357e-08,1.22379,-0.0191622
ss_27C_1.20V,mos_ss,27,1.2,4,10827197.921177961,12,1.54751e-05,1.45206e-05,0.769121,0.348495,1.2,1.2,4.7640773109243685e-08,1.20215,-0.0141574
ss_27C_1.20V,mos_ss,27,1.2,8,18031013.34294991,12,2.5513e-05,2.41044e-05,0.743831,0.370815,1.2,1.2,2.9250099009900997e-08,1.20306,-0.00435228
ss_27C_1.20V,mos_ss,27,1.2,16,32128514.056224946,12,4.54267e-05,4.30762e-05,0.709659,0.400162,1.2,1.2,1.6953157994579946e-08,1.2045,-0.00186291
ss_27C_1.20V,mos_ss,27,1.2,32,58606341.20611832,12,8.43047e-05,8.02372e-05,0.664492,0.437736,1.2,1.2,9.641119708029194e-09,1.20722,-0.0184431
ss_27C_1.20V,mos_ss,27,1.2,64,104646295.52113816,12,0.000158318,0.000151364,0.60565,0.485096,1.2,1.2,5.589584126984128e-09,1.20999,-0.00654388
ss_27C_1.20V,mos_ss,27,1.2,128,176211453.7444933,12,0.000293144,0.000281466,0.530667,0.543546,1.2,1.2,3.4172407407407403e-09,1.21467,-0.0101136
ss_27C_1.20V,mos_ss,27,1.2,255,270540811.08135074,12,0.000517731,0.000499772,0.439611,0.612326,1.2,1.2,2.2700236144578316e-09,1.22064,-0.0144263
ss_27C_1.32V,mos_ss,27,1.32,0,3791612.952149845,12,6.75928e-06,5.97858e-06,0.92663,0.314693,1.32,1.32,1.2905721052631584e-07,1.3451,-0.01734
ss_27C_1.32V,mos_ss,27,1.32,1,5770673.437590145,12,9.89618e-06,8.95553e-06,0.9104,0.32962,1.32,1.32,8.553541379310341e-08,1.33381,-0.0212977
ss_27C_1.32V,mos_ss,27,1.32,2,7762167.19708143,12,1.30321e-05,1.19271e-05,0.898076,0.340821,1.32,1.32,6.435774358974356e-08,1.34747,-0.0246279
ss_27C_1.32V,mos_ss,27,1.32,4,11753643.629525194,12,1.92941e-05,1.78556e-05,0.879241,0.357697,1.32,1.32,4.306977310924369e-08,1.33667,-0.0269353
ss_27C_1.32V,mos_ss,27,1.32,8,19766752.322593343,12,3.17125e-05,2.96597e-05,0.852367,0.381261,1.32,1.32,2.614009900990099e-08,1.35103,-0.0324335
ss_27C_1.32V,mos_ss,27,1.32,16,35676061.36282559,12,5.62585e-05,5.30695e-05,0.815659,0.412549,1.32,1.32,1.492375799457994e-08,1.34943,-0.0268849
ss_27C_1.32V,mos_ss,27,1.32,32,66582329.04987012,12,0.000104497,9.90919e-05,0.766594,0.453045,1.32,1.32,8.3173197080292e-09,1.3328,-0.00356833
ss_27C_1.32V,mos_ss,27,1.32,64,122609122.11868547,12,0.00019712,0.00018775,0.701906,0.504717,1.32,1.32,4.709684126984128e-09,1.32939,-0.0135551
ss_27C_1.32V,mos_ss,27,1.32,128,212089077.4125133,12,0.000367313,0.000351339,0.618415,0.569366,1.32,1.32,2.8311407407407404e-09,1.33347,-0.00850102
ss_27C_1.32V,mos_ss,27,1.32,255,331345261.7627574,12,0.000653181,0.0006286,0.515627,0.646634,1.32,1.32,1.8630236144578316e-09,1.3389,-0.0122314
ss_125C_1.08V,mos_ss,125,1.08,0,2106904.3254745835,9,3.2754e-06,2.88514e-06,0.804243,0.195746,1.08,1.08,2.2991621052631583e-07,1.09323,-0.0125574
ss_125C_1.08V,mos_ss,125,1.08,1,3216261.417728033,9,4.76399e-06,4.29438e-06,0.785325,0.213122,1.08,1.08,1.5204041379310346e-07,1.09581,-0.00749617
ss_125C_1.08V,mos_ss,125,1.08,2,4344331.733171142,9,6.2437e-06,5.69966e-06,0.771379,0.225922,1.08,1.08,1.1350074358974357e-07,1.09593,-0.0181658
ss_125C_1.08V,mos_ss,125,1.08,4,6632179.334129205,9,9.19467e-06,8.49961e-06,0.750779,0.244787,1.08,1.08,7.54377731092437e-08,1.09633,-0.0146418
ss_125C_1.08V,mos_ss,125,1.08,8,11253657.438667558,9,1.50482e-05,1.4061e-05,0.722766,0.270306,1.08,1.08,4.5426099009900996e-08,1.09474,-0.0157251
ss_125C_1.08V,mos_ss,125,1.08,16,20435688.887072403,9,2.65895e-05,2.50412e-05,0.686644,0.302895,1.08,1.08,2.5808457994579944e-08,1.08742,-0.0154419
ss_125C_1.08V,mos_ss,125,1.08,32,37999696.00243197,9,4.906e-05,4.64638e-05,0.641131,0.343349,1.08,1.08,1.4437219708029198e-08,1.08428,-0.00606361
ss_125C_1.08V,mos_ss,125,1.08,64,69208941.79527995,8,9.15912e-05,8.73099e-05,0.584272,0.392918,1.08,1.08,8.254684126984127e-09,1.08648,-0.00408179
ss_125C_1.08V,mos_ss,125,1.08,128,118455342.33593948,9,0.000169409,0.000162069,0.514004,0.452809,1.08,1.08,4.992140740740741e-09,1.08965,-0.00658744
ss_125C_1.08V,mos_ss,125,1.08,255,184029886.45356,8,0.000299657,0.000288909,0.430054,0.522525,1.08,1.08,3.284403614457832e-09,1.09382,-0.00990315
ss_125C_1.20V,mos_ss,125,1.2,0,2284591.572141689,9,4.25982e-06,3.62206e-06,0.913518,0.205817,1.2,1.2,2.098622105263158e-07,1.22002,-0.017086
ss_125C_1.20V,mos_ss,125,1.2,1,3482318.5276757306,9,6.14156e-06,5.39859e-06,0.894098,0.223681,1.2,1.2,1.3908741379310347e-07,1.22104,-0.0228796
ss_125C_1.20V,mos_ss,125,1.2,2,4701457.4518100545,9,8.0216e-06,7.17089e-06,0.8797,0.236909,1.2,1.2,1.037937435897436e-07,1.20535,-0.0251478
ss_125C_1.20V,mos_ss,125,1.2,4,7181844.297615621,9,1.17357e-05,1.07042e-05,0.858286,0.256526,1.2,1.2,6.878777310924371e-08,1.20824,-0.0216089
ss_125C_1.20V,mos_ss,125,1.2,8,12238404.112103773,10,1.91866e-05,1.77302e-05,0.828865,0.28331,1.2,1.2,4.111709900990098e-08,1.2218,-0.0215997
ss_125C_1.20V,mos_ss,125,1.2,16,22492127.755285643,10,3.38294e-05,3.16319e-05,0.790424,0.317921,1.2,1.2,2.300395799457994e-08,1.21442,-0.0172633
ss_125C_1.20V,mos_ss,125,1.2,32,42755141.30574207,10,6.24224e-05,5.88584e-05,0.741273,0.361459,1.2,1.2,1.2579119708029197e-08,1.20424,-0.0134856
ss_125C_1.20V,mos_ss,125,1.2,64,80366471.10825363,11,0.000117282,0.000111076,0.678938,0.415556,1.2,1.2,6.991884126984129e-09,1.20637,-0.00369347
ss_125C_1.20V,mos_ss,125,1.2,128,142247510.66856322,10,0.000217289,0.000207358,0.600777,0.481838,1.2,1.2,4.122740740740741e-09,1.20935,-0.00593306
ss_125C_1.20V,mos_ss,125,1.2,255,226690544.7373789,11,0.00038779,0.000372149,0.506013,0.560123,1.2,1.2,2.6673036144578317e-09,1.21325,-0.00891232
ss_125C_1.32V,mos_ss,125,1.32,0,2448639.7806018735,10,5.45435e-06,4.41475e-06,1.024,0.21479,1.32,1.32,1.9456421052631587e-07,1.34185,-0.0184106
ss_125C_1.32V,mos_ss,125,1.32,1,3722038.1881118086,10,7.73312e-06,6.58644e-06,1.00408,0.233138,1.32,1.32,1.2892941379310344e-07,1.33261,-0.0244277
ss_125C_1.32V,mos_ss,125,1.32,2,5015045.135406215,10,1.00434e-05,8.75362e-06,0.989229,0.246792,1.32,1.32,9.636674358974357e-08,1.33036,-0.0192696
ss_125C_1.32V,mos_ss,125,1.32,4,7642922.65362275,10,1.46069e-05,1.3076e-05,0.967001,0.267157,1.32,1.32,6.403177310924369e-08,1.33864,-0.0282299
ss_125C_1.32V,mos_ss,125,1.32,8,13014055.179593945,10,2.36862e-05,2.16777e-05,0.936184,0.295186,1.32,1.32,3.824809900990098e-08,1.33891,-0.00221435
ss_125C_1.32V,mos_ss,125,1.32,16,24026332.860815454,10,4.16631e-05,3.87228e-05,0.89547,0.331762,1.32,1.32,2.123925799457994e-08,1.33644,-0.0155266
ss_125C_1.32V,mos_ss,125,1.32,32,46330615.270570755,11,7.69675e-05,7.22019e-05,0.842776,0.378277,1.32,1.32,1.1422519708029197e-08,1.32417,-0.00498698
ss_125C_1.32V,mos_ss,125,1.32,64,89305648.5822728,11,0.000144589,0.00013672,0.775109,0.436753,1.32,1.32,6.195184126984128e-09,1.32638,-0.00563906
ss_125C_1.32V,mos_ss,125,1.32,128,163132137.0309954,12,0.000269743,0.000256435,0.689195,0.509271,1.32,1.32,3.5588407407407407e-09,1.32937,-0.00554952
ss_125C_1.32V,mos_ss,125,1.32,255,267122555.82861403,12,0.0004836,0.000462809,0.583711,0.596011,1.32,1.32,2.2592836144578325e-09,1.3332,-0.00838023
ff_-40C_1.08V,mos_ff,-40,1.08,0,5473453.74931582,12,7.84683e-06,7.01372e-06,0.734268,0.25855,1.08,1.08,9.044321052631584e-08,1.09854,-0.0122931
ff_-40C_1.08V,mos_ff,-40,1.08,1,8280202.0369296875,12,1.14579e-05,1.04957e-05,0.720609,0.271055,1.08,1.08,5.993241379310342e-08,1.10205,-0.0198666
ff_-40C_1.08V,mos_ff,-40,1.08,2,11093854.00488129,12,1.5157e-05,1.39667e-05,0.710113,0.280488,1.08,1.08,4.521774358974356e-08,1.09722,-0.0226313
ff_-40C_1.08V,mos_ff,-40,1.08,4,16680567.13928269,12,2.24197e-05,2.08791e-05,0.693887,0.294772,1.08,1.08,3.06137731092437e-08,1.10927,-0.0322422
ff_-40C_1.08V,mos_ff,-40,1.08,8,27754648.90369142,12,3.68518e-05,3.45949e-05,0.670411,0.314838,1.08,1.08,1.886909900990099e-08,1.10633,-0.033737
ff_-40C_1.08V,mos_ff,-40,1.08,16,49448647.57948861,12,6.51932e-05,6.16173e-05,0.637937,0.341615,1.08,1.08,1.095525799457994e-08,1.1036,-0.0219639
ff_-40C_1.08V,mos_ff,-40,1.08,32,89839187.85374184,12,0.000120114,0.000114078,0.594226,0.376275,1.08,1.08,6.286519708029197e-09,1.09686,-0.00365305
ff_-40C_1.08V,mos_ff,-40,1.08,64,158528852.25110954,12,0.000223098,0.000212965,0.536714,0.420093,1.08,1.08,3.7058841269841285e-09,1.08917,-0.0110208
ff_-40C_1.08V,mos_ff,-40,1.08,128,260078023.40702263,12,0.00040575,0.000389467,0.463383,0.473722,1.08,1.08,2.3362407407407404e-09,1.09337,-0.0097384
ff_-40C_1.08V,mos_ff,-40,1.08,255,382657942.0655874,12,0.000697865,0.000674132,0.375414,0.535244,1.08,1.08,1.6224436144578312e-09,1.09872,-0.0134544
ff_-40C_1.20V,mos_ff,-40,1.2,0,5730002.292000907,12,9.85612e-06,8.5959e-06,0.847537,0.265101,1.2,1.2,8.519221052631584e-08,1.22193,-0.0177311
ff_-40C_1.20V,mos_ff,-40,1.2,1,8678295.582747504,12,1.4307e-05,1.28686e-05,0.833214,0.278132,1.2,1.2,5.645841379310345e-08,1.22099,-0.0209195
ff_-40C_1.20V,mos_ff,-40,1.2,2,11642798.928862493,12,1.88746e-05,1.71305e-05,0.822123,0.288024,1.2,1.2,4.2455743589743606e-08,1.22596,-0.0252255
ff_-40C_1.20V,mos_ff,-40,1.2,4,17553098.12181848,12,2.78939e-05,2.56252e-05,0.804847,0.3031,1.2,1.2,2.8734773109243688e-08,1.23574,-0.034857
ff_-40C_1.20V,mos_ff,-40,1.2,8,29446407.538280174,12,4.56242e-05,4.25097e-05,0.779622,0.324456,1.2,1.2,1.7426099009900983e-08,1.22823,-0.0289439
ff_-40C_1.20V,mos_ff,-40,1.2,16,53239631.581749484,12,8.07471e-05,7.58838e-05,0.744375,0.353229,1.2,1.2,9.94655799457995e-09,1.21749,-0.0182969
ff_-40C_1.20V,mos_ff,-40,1.2,32,99295005.4612252,12,0.000149254,0.000141058,0.696412,0.390878,1.2,1.2,5.567119708029194e-09,1.22943,-0.0232964
ff_-40C_1.20V,mos_ff,-40,1.2,64,181917409.49608922,12,0.000278703,0.000265015,0.632522,0.439057,1.2,1.2,3.1788841269841265e-09,1.20899,-0.00849946
ff_-40C_1.20V,mos_ff,-40,1.2,128,309214594.92887926,12,0.00051114,0.00048882,0.549886,0.498841,1.2,1.2,1.9553407407407406e-09,1.21229,-0.00856349
ff_-40C_1.20V,mos_ff,-40,1.2,255,466570242.14995617,12,0.000887914,0.000854713,0.449058,0.568578,1.2,1.2,1.3368136144578316e-09,1.21714,-0.0119572
ff_-40C_1.32V,mos_ff,-40,1.32,0,5948132.286462086,12,1.22173e-05,1.02121e-05,0.961602,0.27088,1.32,1.32,8.14812105263159e-08,1.34421,-0.0195978
ff_-40C_1.32V,mos_ff,-40,1.32,1,8975854.950183991,12,1.78109e-05,1.52919e-05,0.946644,0.284409,1.32,1.32,5.4153413793103456e-08,1.34469,-0.0183456
ff_-40C_1.32V,mos_ff,-40,1.32,2,12006243.246488135,12,2.32322e-05,2.03606e-05,0.934988,0.294734,1.32,1.32,4.073474358974359e-08,1.34286,-0.022902
ff_-40C_1.32V,mos_ff,-40,1.32,4,18115942.028985396,12,3.37864e-05,3.04693e-05,0.916724,0.310549,1.32,1.32,2.74627731092437e-08,1.35958,-0.0417406
ff_-40C_1.32V,mos_ff,-40,1.32,8,30413625.30413624,12,5.4898e-05,5.05837e-05,0.889866,0.333097,1.32,1.32,1.6573099009900982e-08,1.36911,-0.0495289
ff_-40C_1.32V,mos_ff,-40,1.32,16,55367919.827252194,12,9.68231e-05,9.04307e-05,0.852048,0.363703,1.32,1.32,9.392057994579943e-09,1.36143,-0.0554007
ff_-40C_1.32V,mos_ff,-40,1.32,32,105152471.08307064,12,0.000179073,0.00016859,0.800143,0.404094,1.32,1.32,5.138719708029196e-09,1.35442,-0.0186355
ff_-40C_1.32V,mos_ff,-40,1.32,64,198688654.8778069,12,0.000335968,0.000318378,0.730259,0.456327,1.32,1.32,2.861784126984129e-09,1.33576,-0.00591089
ff_-40C_1.32V,mos_ff,-40,1.32,128,350262697.0227661,12,0.000620589,0.000591601,0.638689,0.521965,1.32,1.32,1.7117407407407404e-09,1.33188,-0.0078999
ff_-40C_1.32V,mos_ff,-40,1.32,255,543744222.7176337,12,0.00108743,0.0010436,0.525223,0.599714,1.32,1.32,1.1482436144578313e-09,1.33642,-0.0111692
ff_27C_1.08V,mos_ff,27,1.08,0,3946329.9131807424,12,6.52843e-06,5.61426e-06,0.786205,0.199089,1.08,1.08,1.2203821052631585e-07,1.09233,-0.0169993
ff_27C_1.08V,mos_ff,27,1.08,1,5982292.414453203,12,9.50188e-06,8.35854e-06,0.77026,0.213722,1.08,1.08,8.139141379310342e-08,1.10263,-0.0171547
ff_27C_1.08V,mos_ff,27,1.08,2,8038585.209003214,12,1.23961e-05,1.10923e-05,0.758209,0.224652,1.08,1.08,6.109774358974357e-08,1.10569,-0.022747
ff_27C_1.08V,mos_ff,27,1.08,4,12193634.922570406,12,1.80614e-05,1.65317e-05,0.739911,0.241012,1.08,1.08,4.075177310924371e-08,1.10462,-0.0330694
ff_27C_1.08V,mos_ff,27,1.08,8,20563438.206868175,12,2.94402e-05,2.73086e-05,0.714076,0.263615,1.08,1.08,2.4665099009900986e-08,1.10533,-0.0332578
ff_27C_1.08V,mos_ff,27,1.08,16,37339905.156640895,12,5.17395e-05,4.84925e-05,0.6793,0.293188,1.08,1.08,1.3979757994579941e-08,1.10119,-0.0246442
ff_27C_1.08V,mos_ff,27,1.08,32,69930069.93006985,12,9.48343e-05,8.95106e-05,0.633675,0.330757,1.08,1.08,7.778019708029194e-09,1.08451,-0.00796503
ff_27C_1.08V,mos_ff,27,1.08,64,128419160.13869244,12,0.000175644,0.00016674,0.574838,0.377612,1.08,1.08,4.4342841269841285e-09,1.08667,-0.00707243
ff_27C_1.08V,mos_ff,27,1.08,128,219250164.43762347,12,0.000319488,0.000305172,0.500683,0.434676,1.08,1.08,2.711340740740741e-09,1.0897,-0.00664823
ff_27C_1.08V,mos_ff,27,1.08,255,333544578.2328804,12,0.000553497,0.000531928,0.411701,0.500638,1.08,1.08,1.8349936144578317e-09,1.0936,-0.00965057
ff_27C_1.20V,mos_ff,27,1.2,0,4180776.7883272655,12,8.367e-06,6.85753e-06,0.898337,0.206619,1.2,1.2,1.1477621052631582e-07,1.21731,-0.0165347
ff_27C_1.20V,mos_ff,27,1.2,1,6323110.9705975205,12,1.17964e-05,1.0222e-05,0.881774,0.221767,1.2,1.2,7.601441379310344e-08,1.22508,-0.0211069
ff_27C_1.20V,mos_ff,27,1.2,2,8483203.257550048,12,1.54827e-05,1.3576e-05,0.869171,0.233144,1.2,1.2,5.707674358974359e-08,1.22845,-0.0227235
ff_27C_1.20V,mos_ff,27,1.2,4,12817226.35221737,12,2.25043e-05,2.02557e-05,0.849897,0.250275,1.2,1.2,3.830477310924369e-08,1.23421,-0.036726
ff_27C_1.20V,mos_ff,27,1.2,8,21612275.77263881,12,3.65196e-05,3.35132e-05,0.822422,0.274144,1.2,1.2,2.3147099009900985e-08,1.23513,-0.0443328
ff_27C_1.20V,mos_ff,27,1.2,16,39458627.6289312,12,6.40624e-05,5.96548e-05,0.785027,0.3057,1.2,1.2,1.3021657994579948e-08,1.22917,-0.038271
ff_27C_1.20V,mos_ff,27,1.2,32,75171014.05697949,12,0.000117587,0.000110533,0.735378,0.346253,1.2,1.2,7.098819708029194e-09,1.22201,-0.020179
ff_27C_1.20V,mos_ff,27,1.2,64,142308239.64707556,12,0.000218866,0.000207026,0.670551,0.397455,1.2,1.2,3.933484126984127e-09,1.20648,-0.015582
ff_27C_1.20V,mos_ff,27,1.2,128,252270433.90514663,12,0.000400938,0.000381557,0.587753,0.460631,1.2,1.2,2.333040740740741e-09,1.20941,-0.00617478
ff_27C_1.20V,mos_ff,27,1.2,255,395679183.3181662,12,0.000699489,0.000670564,0.486874,0.534742,1.2,1.2,1.5451636144578316e-09,1.21315,-0.00907094
ff_27C_1.32V,mos_ff,27,1.32,0,4390393.818325517,12,1.03912e-05,8.14833e-06,1.01135,0.213318,1.32,1.32,1.0800721052631585e-07,1.34053,-0.0173779
ff_27C_1.32V,mos_ff,27,1.32,1,6615069.127472385,12,1.4506e-05,1.21562e-05,0.994188,0.228958,1.32,1.32,7.252241379310345e-08,1.34024,-0.0233454
ff_27C_1.32V,mos_ff,27,1.32,2,8841732.979664028,12,1.89867e-05,1.61534e-05,0.981052,0.240762,1.32,1.32,5.441674358974359e-08,1.34972,-0.0284858
ff_27C_1.32V,mos_ff,27,1.32,4,13340448.23906078,12,2.73196e-05,2.41192e-05,0.960843,0.258628,1.32,1.32,3.660177310924369e-08,1.35835,-0.038961
ff_27C_1.32V,mos_ff,27,1.32,8,22406453.05848087,12,4.40503e-05,3.99487e-05,0.931807,0.283693,1.32,1.32,2.2135099009900976e-08,1.3531,-0.024639
ff_27C_1.32V,mos_ff,27,1.32,16,40909834.72426775,12,7.71282e-05,7.12332e-05,0.891932,0.31711,1.32,1.32,1.2380557994579944e-08,1.35858,-0.0520011
ff_27C_1.32V,mos_ff,27,1.32,32,78622533.2180203,12,0.000141474,0.000132369,0.838473,0.360469,1.32,1.32,6.683619708029196e-09,1.35192,-0.024852
ff_27C_1.32V,mos_ff,27,1.32,64,152230172.02009475,12,0.000264056,0.000249042,0.767922,0.415795,1.32,1.32,3.6203841269841275e-09,1.33174,-0.0162206
ff_27C_1.32V,mos_ff,27,1.32,128,278862242.0524269,12,0.000486409,0.000461748,0.67674,0.484847,1.32,1.32,2.0863407407407403e-09,1.32925,-0.00580824
ff_27C_1.32V,mos_ff,27,1.32,255,451263537.9061376,12,0.000855032,0.000817202,0.564135,0.566918,1.32,1.32,1.3505036144578314e-09,1.33302,-0.00872188
ff_125C_1.08V,mos_ff,125,1.08,0,3146831.14104098,12,6.67353e-06,5.30555e-06,0.875249,0.110626,1.07999,1.07999,1.5004621052631585e-07,1.09731,-0.0185165
ff_125C_1.08V,mos_ff,125,1.08,1,4396957.305544578,12,8.74649e-06,7.28459e-06,0.858959,0.125164,1.07999,1.07999,1.0800741379310343e-07,1.1001,-0.0245181
ff_125C_1.08V,mos_ff,125,1.08,2,5660911.406736476,12,1.09047e-05,9.2566e-06,0.846189,0.136665,1.07999,1.07999,8.425974358974357e-08,1.10131,-0.029199
ff_125C_1.08V,mos_ff,125,1.08,4,8221317.8772557285,11,1.50209e-05,1.31815e-05,0.826425,0.154539,1.07999,1.07999,5.8466773109243706e-08,1.10142,-0.0323845
ff_125C_1.08V,mos_ff,125,1.08,8,13435442.697836882,11,2.32843e-05,2.09623e-05,0.798325,0.179935,1.07999,1.07999,3.6289099009900985e-08,1.09289,-0.0305383
ff_125C_1.08V,mos_ff,125,1.08,16,24099869.86070276,10,3.944e-05,3.62753e-05,0.760801,0.213592,1.07999,1.07999,2.0654357994579945e-08,1.09678,-0.0194056
ff_125C_1.08V,mos_ff,125,1.08,32,45856834.96125102,11,7.08464e-05,6.60123e-05,0.712404,0.256403,1.07999,1.07999,1.1212819708029194e-08,1.08735,-0.0172074
ff_125C_1.08V,mos_ff,125,1.08,64,88644623.70357232,11,0.000130181,0.000122386,0.65105,0.309696,1.07999,1.07999,6.055584126984127e-09,1.08364,-0.00172983
ff_125C_1.08V,mos_ff,125,1.08,128,163612565.4450263,12,0.000237467,0.000224933,0.57446,0.374792,1.07999,1.07999,3.4530407407407405e-09,1.08567,-0.0032931
ff_125C_1.08V,mos_ff,125,1.08,255,268781077.8121213,12,0.000416811,0.000397799,0.482167,0.45115,1.07999,1.07999,2.196303614457832e-09,1.08835,-0.00549551
ff_125C_1.20V,mos_ff,125,1.2,0,3246226.261970464,12,8.1466e-06,6.19499e-06,0.987427,0.117819,1.19999,1.19999,1.4480721052631586e-07,1.21729,-0.015955
ff_125C_1.20V,mos_ff,125,1.2,1,4580852.038479155,12,1.08115e-05,8.60819e-06,0.970159,0.133355,1.19999,1.19999,1.0323641379310345e-07,1.22086,-0.0229011
ff_125C_1.20V,mos_ff,125,1.2,2,5923819.67892895,12,1.33022e-05,1.1014e-05,0.956665,0.145574,1.19999,1.19999,8.005374358974357e-08,1.22405,-0.0307304
ff_125C_1.20V,mos_ff,125,1.2,4,8636324.38034373,12,1.8458e-05,1.58059e-05,0.935792,0.164511,1.19999,1.19999,5.54277731092437e-08,1.22536,-0.0375587
ff_125C_1.20V,mos_ff,125,1.2,8,14137272.920053737,11,2.8535e-05,2.53179e-05,0.906039,0.191421,1.19999,1.19999,3.428809900990099e-08,1.2167,-0.0387039
ff_125C_1.20V,mos_ff,125,1.2,16,25374270.48972338,11,4.83625e-05,4.40828e-05,0.86605,0.227243,1.19999,1.19999,1.9475157994579947e-08,1.22335,-0.0272028
ff_125C_1.20V,mos_ff,125,1.2,32,48450786.11400466,11,8.69122e-05,8.06649e-05,0.813979,0.27318,1.19999,1.19999,1.0498219708029199e-08,1.21324,-0.0163295
ff_125C_1.20V,mos_ff,125,1.2,64,94912680.3340928,12,0.000160487,0.000150396,0.747221,0.330957,1.19999,1.19999,5.584084126984128e-09,1.2035,-0.00583792
ff_125C_1.20V,mos_ff,125,1.2,128,179985601.15190783,12,0.00029444,0.000278096,0.662863,0.402329,1.19999,1.19999,3.1026407407407406e-09,1.20557,-0.00306388
ff_125C_1.20V,mos_ff,125,1.2,255,305362159.5211912,12,0.00051979,0.000495098,0.559822,0.487088,1.19999,1.19999,1.921923614457832e-09,1.20837,-0.00536679
ff_125C_1.32V,mos_ff,125,1.32,0,3349971.52524203,12,1.00377e-05,7.13346e-06,1.10018,0.124549,1.31999,1.31999,1.3957921052631586e-07,1.33592,-0.0171827
ff_125C_1.32V,mos_ff,125,1.32,1,4759864.819839115,12,1.29446e-05,1.00049e-05,1.08205,0.140965,1.31999,1.31999,9.893741379310342e-08,1.33937,-0.0254948
ff_125C_1.32V,mos_ff,125,1.32,2,6177033.788374813,12,1.61656e-05,1.28686e-05,1.06789,0.153827,1.31999,1.31999,7.660774358974358e-08,1.33902,-0.0266908
ff_125C_1.32V,mos_ff,125,1.32,4,9025270.758122722,12,2.21057e-05,1.85754e-05,1.046,0.173732,1.31999,1.31999,5.2839773109243704e-08,1.34026,-0.0404508
ff_125C_1.32V,mos_ff,125,1.32,8,14779781.259237371,11,3.40901e-05,2.99144e-05,1.01468,0.202053,1.31999,1.31999,3.2657099009900996e-08,1.35215,-0.0442416
ff_125C_1.32V,mos_ff,125,1.32,16,26499894.000423986,12,5.79599e-05,5.23237e-05,0.972338,0.239922,1.31999,1.31999,1.852515799457994e-08,1.34795,-0.0443999
ff_125C_1.32V,mos_ff,125,1.32,32,50614971.90869063,12,0.000104281,9.61458e-05,0.916737,0.288843,1.31999,1.31999,9.971319708029195e-09,1.33534,-0.00401787
ff_125C_1.32V,mos_ff,125,1.32,64,99910080.92716561,12,0.000192925,0.000180065,0.844742,0.350934,1.31999,1.31999,5.248684126984127e-09,1.32331,-0.0117638
ff_125C_1.32V,mos_ff,125,1.32,128,193348801.23743278,12,0.000355099,0.000334635,0.752773,0.428401,1.31999,1.31999,2.8583407407407405e-09,1.32543,-0.00289386
ff_125C_1.32V,mos_ff,125,1.32,255,337381916.32928485,12,0.000630853,0.000599022,0.639094,0.521389,1.31999,1.31999,1.7289836144578324e-09,1.32833,-0.00520178
sf_-40C_1.08V,mos_sf,-40,1.08,0,4305519.67622492,12,5.67311e-06,5.28613e-06,0.718768,0.335519,1.08,1.08,1.1511421052631583e-07,1.0882,-0.0149177
sf_-40C_1.08V,mos_sf,-40,1.08,1,6480881.399870367,12,8.44692e-06,7.91967e-06,0.705872,0.347417,1.08,1.08,7.757341379310344e-08,1.09979,-0.0194814
sf_-40C_1.08V,mos_sf,-40,1.08,2,8650519.031141853,12,1.1214e-05,1.05491e-05,0.696049,0.356354,1.08,1.08,5.877674358974356e-08,1.09818,-0.0229396
sf_-40C_1.08V,mos_sf,-40,1.08,4,12951690.195570568,12,1.67381e-05,1.57971e-05,0.68098,0.369836,1.08,1.08,4.012177310924371e-08,1.08444,-0.0234153
sf_-40C_1.08V,mos_sf,-40,1.08,8,21427040.9256482,12,2.76782e-05,2.62551e-05,0.65935,0.388717,1.08,1.08,2.4910099009900973e-08,1.09744,-0.02261
sf_-40C_1.08V,mos_sf,-40,1.08,16,37724460.54021429,12,4.93949e-05,4.70295e-05,0.629574,0.4139,1.08,1.08,1.4625957994579943e-08,1.09746,-0.0187084
sf_-40C_1.08V,mos_sf,-40,1.08,32,67658998.64681989,12,9.21226e-05,8.799e-05,0.589417,0.446662,1.08,1.08,8.433519708029196e-09,1.08964,-0.0188488
sf_-40C_1.08V,mos_sf,-40,1.08,64,118807175.95342775,12,0.000174318,0.000167176,0.536057,0.488593,1.08,1.08,4.943284126984127e-09,1.09217,-0.00792414
sf_-40C_1.08V,mos_sf,-40,1.08,128,197706603.40055287,12,0.000325092,0.000313336,0.466988,0.540831,1.08,1.08,3.0464407407407407e-09,1.09816,-0.0120858
sf_-40C_1.08V,mos_sf,-40,1.08,255,298373862.4496492,12,0.000577067,0.00055871,0.382547,0.602116,1.08,1.08,2.056383614457831e-09,1.10514,-0.0164206
sf_-40C_1.20V,mos_sf,-40,1.2,0,4705882.352941175,12,7.43409e-06,6.69176e-06,0.831376,0.342707,1.2,1.2,1.0418721052631586e-07,1.22085,-0.0148038
sf_-40C_1.20V,mos_sf,-40,1.2,1,7118957.784580328,12,1.08668e-05,1.00271e-05,0.817846,0.355135,1.2,1.2,6.912341379310344e-08,1.2014,-0.0200744
sf_-40C_1.20V,mos_sf,-40,1.2,2,9515653.249595605,12,1.44275e-05,1.33578e-05,0.807448,0.364539,1.2,1.2,5.2404743589743585e-08,1.22652,-0.0206643
sf_-40C_1.20V,mos_sf,-40,1.2,4,14376078.205865376,12,2.1334e-05,2.00073e-05,0.791355,0.378834,1.2,1.2,3.51657731092437e-08,1.20508,-0.00552553
sf_-40C_1.20V,mos_sf,-40,1.2,8,24032684.450853154,12,3.53068e-05,3.32649e-05,0.768012,0.399037,1.2,1.2,2.1506099009900977e-08,1.22571,-0.0343314
sf_-40C_1.20V,mos_sf,-40,1.2,16,43200276.4817695,12,6.29789e-05,5.96314e-05,0.735521,0.426255,1.2,1.2,1.238655799457995e-08,1.22355,-0.0277974
sf_-40C_1.20V,mos_sf,-40,1.2,32,79916886.4381042,12,0.000117562,0.000111765,0.691231,0.462037,1.2,1.2,6.982819708029195e-09,1.20889,-0.0136561
sf_-40C_1.20V,mos_sf,-40,1.2,64,144990575.61258548,12,0.000223206,0.000213202,0.631658,0.508398,1.2,1.2,4.0082841269841286e-09,1.21047,-0.0145645
sf_-40C_1.20V,mos_sf,-40,1.2,128,247096614.77637696,12,0.000419114,0.00040238,0.553407,0.56704,1.2,1.2,2.4388407407407413e-09,1.21538,-0.00951234
sf_-40C_1.20V,mos_sf,-40,1.2,255,379276340.74186397,12,0.000749361,0.000723636,0.456203,0.637061,1.2,1.2,1.6314636144578312e-09,1.22192,-0.0134571
sf_-40C_1.32V,mos_sf,-40,1.32,0,5002501.250625302,12,9.36826e-06,8.14974e-06,0.944938,0.348986,1.32,1.32,9.583821052631579e-08,1.34106,-0.0165633
sf_-40C_1.32V,mos_sf,-40,1.32,1,7600516.835144781,12,1.36529e-05,1.2213e-05,0.930789,0.361926,1.32,1.32,6.448741379310342e-08,1.34571,-0.0190555
sf_-40C_1.32V,mos_sf,-40,1.32,2,10154346.060113743,12,1.79304e-05,1.62711e-05,0.919835,0.371778,1.32,1.32,4.84237435897436e-08,1.35073,-0.0257306
sf_-40C_1.32V,mos_sf,-40,1.32,4,15332720.024532365,12,2.63812e-05,2.43742e-05,0.902764,0.38684,1.32,1.32,3.2419773109243684e-08,1.3584,-0.0355581
sf_-40C_1.32V,mos_sf,-40,1.32,8,25793139.025019366,12,4.33962e-05,4.05354e-05,0.877797,0.408284,1.32,1.32,1.963809900990099e-08,1.36049,-0.043858
sf_-40C_1.32V,mos_sf,-40,1.32,16,46849379.24572503,12,7.73022e-05,7.27012e-05,0.842761,0.437391,1.32,1.32,1.117475799457995e-08,1.35355,-0.0381927
sf_-40C_1.32V,mos_sf,-40,1.32,32,88526912.18130314,12,0.000144115,0.000136423,0.794613,0.475962,1.32,1.32,6.165919708029194e-09,1.33883,-0.0226584
sf_-40C_1.32V,mos_sf,-40,1.32,64,165975103.73443976,12,0.00027436,0.000261006,0.729223,0.526432,1.32,1.32,3.4477841269841283e-09,1.32986,-0.0141698
sf_-40C_1.32V,mos_sf,-40,1.32,128,291715285.8809805,12,0.000518132,0.000495495,0.642191,0.591166,1.32,1.32,2.0573407407407405e-09,1.33424,-0.00820864
sf_-40C_1.32V,mos_sf,-40,1.32,255,457456541.6285445,12,0.000932791,0.000898008,0.53243,0.669796,1.32,1.32,1.359883614457832e-09,1.34006,-0.0116778
sf_27C_1.08V,mos_sf,27,1.08,0,3199795.2131063556,12,4.70773e-06,4.24193e-06,0.77194,0.2746,1.08,1.08,1.5182521052631583e-07,1.08175,-0.0160288
sf_27C_1.08V,mos_sf,27,1.08,1,4873056.868573655,12,6.93453e-06,6.35191e-06,0.756473,0.288829,1.08,1.08,1.0045941379310345e-07,1.10016,-0.0208342
sf_27C_1.08V,mos_sf,27,1.08,2,6558667.278808972,12,9.14757e-06,8.45779e-06,0.744899,0.299391,1.08,1.08,7.53847435897436e-08,1.09905,-0.0221131
sf_27C_1.08V,mos_sf,27,1.08,4,9959167.413604204,12,1.35672e-05,1.26587e-05,0.72748,0.315119,1.08,1.08,5.046777310924369e-08,1.09899,-0.0160805
sf_27C_1.08V,mos_sf,27,1.08,8,16775708.773695663,12,2.23637e-05,2.10215e-05,0.703115,0.336745,1.08,1.08,3.064609900990099e-08,1.09861,-0.0183466
sf_27C_1.08V,mos_sf,27,1.08,16,30296603.750719618,12,3.97658e-05,3.76021e-05,0.670545,0.36497,1.08,1.08,1.7542057994579946e-08,1.09135,-0.0103497
sf_27C_1.08V,mos_sf,27,1.08,32,56129321.957790814,12,7.39769e-05,7.01802e-05,0.627872,0.400885,1.08,1.08,9.873519708029194e-09,1.08573,-0.0160139
sf_27C_1.08V,mos_sf,27,1.08,64,101626016.26016246,12,0.000139274,0.000132863,0.572569,0.445968,1.08,1.08,5.678684126984128e-09,1.08838,-0.0048027
sf_27C_1.08V,mos_sf,27,1.08,128,172443524.74564546,12,0.00025899,0.000248316,0.502228,0.501445,1.08,1.08,3.4603407407407415e-09,1.09265,-0.0076779
sf_27C_1.08V,mos_sf,27,1.08,255,264473301.4202213,12,0.000459926,0.000443632,0.416724,0.566504,1.08,1.08,2.3076836144578324e-09,1.09802,-0.0112184
sf_27C_1.20V,mos_sf,27,1.2,0,3477897.9584739013,12,6.09702e-06,5.34416e-06,0.883208,0.282924,1.2,1.2,1.3784021052631582e-07,1.22044,-0.0156278
sf_27C_1.20V,mos_sf,27,1.2,1,5292685.508627093,12,8.95676e-06,8.00416e-06,0.867183,0.29764,1.2,1.2,9.140941379310346e-08,1.22389,-0.0196567
sf_27C_1.20V,mos_sf,27,1.2,2,7131141.695785521,12,1.17576e-05,1.06596e-05,0.855095,0.308637,1.2,1.2,6.834174358974358e-08,1.22083,-0.0266176
sf_27C_1.20V,mos_sf,27,1.2,4,10828370.33026529,12,1.7345e-05,1.59586e-05,0.836752,0.325128,1.2,1.2,4.5608773109243684e-08,1.22803,-0.0314326
sf_27C_1.20V,mos_sf,27,1.2,8,18315018.31501836,12,2.85022e-05,2.65142e-05,0.810813,0.348021,1.2,1.2,2.748309900990098e-08,1.20631,-0.0326107
sf_27C_1.20V,mos_sf,27,1.2,16,33447053.31460302,12,5.05426e-05,4.74709e-05,0.775708,0.37823,1.2,1.2,1.5525257994579947e-08,1.22507,-0.0254872
sf_27C_1.20V,mos_sf,27,1.2,32,63371356.14702155,12,9.39015e-05,8.87684e-05,0.729126,0.417129,1.2,1.2,8.531619708029193e-09,1.2135,-0.0188033
sf_27C_1.20V,mos_sf,27,1.2,64,118764845.60570082,12,0.000177462,0.000168679,0.667952,0.466602,1.2,1.2,4.772384126984127e-09,1.2081,-0.0104088
sf_27C_1.20V,mos_sf,27,1.2,128,208420175.0729476,12,0.000331669,0.000317057,0.589048,0.52835,1.2,1.2,2.8429407407407416e-09,1.21172,-0.00663368
sf_27C_1.20V,mos_sf,27,1.2,255,327364389.30173105,12,0.00059299,0.000570312,0.491742,0.60187,1.2,1.2,1.869353614457831e-09,1.21658,-0.00978102
sf_27C_1.32V,mos_sf,27,1.32,0,3714848.2484490504,12,7.81418e-06,6.50523e-06,0.995549,0.290248,1.32,1.32,1.2842821052631584e-07,1.33371,-0.0161836
sf_27C_1.32V,mos_sf,27,1.32,1,5638885.7561746,12,1.12926e-05,9.74464e-06,0.978966,0.305447,1.32,1.32,8.517641379310346e-08,1.34537,-0.0209342
sf_27C_1.32V,mos_sf,27,1.32,2,7579202.667879351,12,1.47053e-05,1.2979e-05,0.966371,0.31687,1.32,1.32,6.381374358974358e-08,1.35101,-0.0282071
sf_27C_1.32V,mos_sf,27,1.32,4,11499540.018399274,12,2.14614e-05,1.94348e-05,0.947124,0.334103,1.32,1.32,4.26107731092437e-08,1.35681,-0.03693
sf_27C_1.32V,mos_sf,27,1.32,8,19466614.755693957,12,3.50395e-05,3.23005e-05,0.91966,0.358212,1.32,1.32,2.553309900990099e-08,1.33471,-0.0371702
sf_27C_1.32V,mos_sf,27,1.32,16,35693889.2061679,12,6.19476e-05,5.78677e-05,0.882125,0.390305,1.32,1.32,1.4305157994579947e-08,1.3503,-0.0360326
sf_27C_1.32V,mos_sf,27,1.32,32,68563592.7322592,12,0.0001151,0.000108358,0.83182,0.432023,1.32,1.32,7.738119708029194e-09,1.34303,-0.0143922
sf_27C_1.32V,mos_sf,27,1.32,64,131926121.3720318,12,0.000218106,0.000206502,0.765037,0.485657,1.32,1.32,4.2202841269841274e-09,1.32802,-0.0192194
sf_27C_1.32V,mos_sf,27,1.32,128,239520958.08383256,12,0.000409609,0.000390048,0.677829,0.55345,1.32,1.32,2.4498407407407405e-09,1.33149,-0.00604509
sf_27C_1.32V,mos_sf,27,1.32,255,386428626.6326611,12,0.000736214,0.000705828,0.568861,0.635307,1.32,1.32,1.5832636144578322e-09,1.33603,-0.00898258
sf_125C_1.08V,mos_sf,125,1.08,0,2064921.1200132116,9,3.97038e-06,3.2563e-06,0.873214,0.173312,1.08,1.08,2.2783821052631586e-07,1.09514,-0.0167856
sf_125C_1.08V,mos_sf,125,1.08,1,3122560.49960968,9,5.61105e-06,4.81044e-06,0.85425,0.19065,1.08,1.08,1.5180541379310344e-07,1.09256,-0.00755479
sf_125C_1.08V,mos_sf,125,1.08,2,4199122.383421863,9,7.25358e-06,6.36137e-06,0.840188,0.203525,1.08,1.08,1.1349174358974358e-07,1.09682,-0.0198911
sf_125C_1.08V,mos_sf,125,1.08,4,6391001.469930333,9,1.05325e-05,9.45488e-06,0.81933,0.222621,1.08,1.08,7.536877310924371e-08,1.09375,-0.0187538
sf_125C_1.08V,mos_sf,125,1.08,8,10882576.994232226,9,1.70395e-05,1.56123e-05,0.790845,0.248633,1.08,1.08,4.4960099009900997e-08,1.09736,-0.020621
sf_125C_1.08V,mos_sf,125,1.08,16,20103937.356131196,9,2.99302e-05,2.78187e-05,0.753958,0.282095,1.08,1.08,2.494315799457994e-08,1.08774,-0.017136
sf_125C_1.08V,mos_sf,125,1.08,32,38857586.94385081,9,5.51768e-05,5.1811e-05,0.707234,0.323981,1.08,1.08,1.3378319708029194e-08,1.08338,-0.0117213
sf_125C_1.08V,mos_sf,125,1.08,64,75111728.69643605,9,0.000103643,9.80995e-05,0.648405,0.375842,1.08,1.08,7.251684126984128e-09,1.08517,-0.00213768
sf_125C_1.08V,mos_sf,125,1.08,128,136986301.36986315,11,0.000193739,0.000184146,0.574932,0.43927,1.08,1.08,4.17914074074074e-09,1.0877,-0.00379281
sf_125C_1.08V,mos_sf,125,1.08,255,222679953.23720965,11,0.000347425,0.000332955,0.48587,0.51415,1.08,1.08,2.6718436144578313e-09,1.09108,-0.00611649
sf_125C_1.20V,mos_sf,125,1.2,0,2252150.804017839,9,5.12008e-06,4.03151e-06,0.982949,0.182912,1.2,1.2,2.0801621052631588e-07,1.21596,-0.0164665
sf_125C_1.20V,mos_sf,125,1.2,1,3401013.5020235977,10,7.23753e-06,5.97069e-06,0.963442,0.200799,1.2,1.2,1.3880941379310342e-07,1.20474,-0.0240229
sf_125C_1.20V,mos_sf,125,1.2,2,4566001.552440515,10,9.30537e-06,7.90628e-06,0.948917,0.214131,1.2,1.2,1.039417435897436e-07,1.2005,-0.027041
sf_125C_1.20V,mos_sf,125,1.2,4,6930967.563071809,10,1.34041e-05,1.17681e-05,0.927248,0.234004,1.2,1.2,6.909777310924369e-08,1.21849,-0.022317
sf_125C_1.20V,mos_sf,125,1.2,8,11764705.882352967,10,2.15549e-05,1.94589e-05,0.897397,0.261285,1.2,1.2,4.1284099009900984e-08,1.21972,-0.0294108
sf_125C_1.20V,mos_sf,125,1.2,16,21715526.601520102,10,3.76631e-05,3.47216e-05,0.858294,0.296734,1.2,1.2,2.2859657994579946e-08,1.21819,-0.0199997
sf_125C_1.20V,mos_sf,125,1.2,32,42215467.7473827,10,6.92774e-05,6.47889e-05,0.808115,0.341622,1.2,1.2,1.21469197080292e-08,1.20722,-0.0147936
sf_125C_1.20V,mos_sf,125,1.2,64,83132429.96092771,11,0.000130675,0.000123041,0.744062,0.397903,1.2,1.2,6.449284126984127e-09,1.20519,-0.00357938
sf_125C_1.20V,mos_sf,125,1.2,128,156421085.56233388,12,0.000244628,0.000231968,0.662948,0.467635,1.2,1.2,3.6145407407407417e-09,1.20775,-0.00354579
sf_125C_1.20V,mos_sf,125,1.2,255,262508531.52727467,12,0.000440885,0.000421579,0.563271,0.551032,1.2,1.2,2.255703614457831e-09,1.21112,-0.00584902
sf_125C_1.32V,mos_sf,125,1.32,0,2427655.8555059237,10,6.51199e-06,4.86114e-06,1.09379,0.191529,1.32,1.32,1.922452105263158e-07,1.33289,-0.0182997
sf_125C_1.32V,mos_sf,125,1.32,1,3659384.4915285246,10,9.04636e-06,7.21248e-06,1.07375,0.209945,1.32,1.32,1.2867441379310344e-07,1.34234,-0.0254064
sf_125C_1.32V,mos_sf,125,1.32,2,4903883.8760298155,10,1.1537e-05,9.55982e-06,1.05877,0.223723,1.32,1.32,9.630974358974358e-08,1.34657,-0.0307626
sf_125C_1.32V,mos_sf,125,1.32,4,7418947.9931745855,10,1.65361e-05,1.42441e-05,1.0363,0.244359,1.32,1.32,6.42277731092437e-08,1.34354,-0.0372252
sf_125C_1.32V,mos_sf,125,1.32,8,12540757.461750707,10,2.64341e-05,2.35765e-05,1.0051,0.272881,1.32,1.32,3.8542099009901e-08,1.34311,-0.0378807
sf_125C_1.32V,mos_sf,125,1.32,16,23072840.958907302,10,4.6003e-05,4.21116e-05,0.96382,0.310263,1.32,1.32,2.136115799457994e-08,1.32202,-0.0199346
sf_125C_1.32V,mos_sf,125,1.32,32,44921611.7874309,10,8.45322e-05,7.86871e-05,0.91027,0.358057,1.32,1.32,1.1308719708029198e-08,1.33252,-0.0182685
sf_125C_1.32V,mos_sf,125,1.32,64,89509488.00572859,11,0.000159333,0.000149786,0.841125,0.418613,1.32,1.32,5.9147841269841265e-09,1.32518,-0.00955408
sf_125C_1.32V,mos_sf,125,1.32,128,172681747.53928542,12,0.000299619,0.000283414,0.752501,0.49449,1.32,1.32,3.2368407407407412e-09,1.32781,-0.00329054
sf_125C_1.32V,mos_sf,125,1.32,255,298480733.0686801,12,0.000543157,0.00051731,0.64227,0.586284,1.32,1.32,1.973053614457832e-09,1.33127,-0.00559865
fs_-40C_1.08V,mos_fs,-40,1.08,0,5278437.5824755775,12,6.78449e-06,6.34006e-06,0.665553,0.281226,1.08,1.08,9.748121052631583e-08,1.09952,-0.0138911
fs_-40C_1.08V,mos_fs,-40,1.08,1,7865963.973884974,12,1.00726e-05,9.46942e-06,0.652335,0.293503,1.08,1.08,6.575441379310346e-08,1.09184,-0.018708
fs_-40C_1.08V,mos_fs,-40,1.08,2,10472300.764477966,12,1.33967e-05,1.26084e-05,0.642194,0.302739,1.08,1.08,5.012074358974359e-08,1.10584,-0.0216564
fs_-40C_1.08V,mos_fs,-40,1.08,4,15578750.584203174,12,1.98885e-05,1.88047e-05,0.626538,0.316682,1.08,1.08,3.4403773109243684e-08,1.1045,-0.0235338
fs_-40C_1.08V,mos_fs,-40,1.08,8,25471217.524197556,12,3.27532e-05,3.10376e-05,0.603937,0.336183,1.08,1.08,2.1552099009900977e-08,1.10303,-0.0223447
fs_-40C_1.08V,mos_fs,-40,1.08,16,44052863.43612333,12,5.78995e-05,5.49188e-05,0.572787,0.362048,1.08,1.08,1.2848857994579948e-08,1.10322,-0.0181606
fs_-40C_1.08V,mos_fs,-40,1.08,32,76946752.84703006,12,0.000106111,0.00010189,0.53111,0.395256,1.08,1.08,7.576919708029199e-09,1.09277,-0.0194166
fs_-40C_1.08V,mos_fs,-40,1.08,64,130650640.18813698,12,0.000195418,0.000185654,0.476773,0.436822,1.08,1.07997,4.580884126984128e-09,1.09213,-0.0103816
fs_-40C_1.08V,mos_fs,-40,1.08,128,209292591.0422775,12,0.000351077,0.000327635,0.408386,0.487079,1.08,1.07986,2.9267407407407416e-09,1.09779,-0.0149985
fs_-40C_1.08V,mos_fs,-40,1.08,255,304553068.3721635,12,0.000595492,0.00058162,0.327801,0.543915,1.08,1.07998,2.026513614457832e-09,1.10387,-0.0196664
fs_-40C_1.20V,mos_fs,-40,1.2,0,5734602.592040377,12,8.60675e-06,7.8682e-06,0.77861,0.288062,1.2,1.2,8.871121052631589e-08,1.22526,-0.0177348
fs_-40C_1.20V,mos_fs,-40,1.2,1,8628127.696289903,12,1.28094e-05,1.17829e-05,0.7647,0.300885,1.2,1.2,5.9495413793103425e-08,1.22656,-0.019491
fs_-40C_1.20V,mos_fs,-40,1.2,2,11496895.8381237,12,1.67971e-05,1.56625e-05,0.753934,0.310599,1.2,1.2,4.48337435897436e-08,1.23113,-0.0217595
fs_-40C_1.20V,mos_fs,-40,1.2,4,17214666.89619554,12,2.49872e-05,2.34359e-05,0.737171,0.325373,1.2,1.2,3.04007731092437e-08,1.23797,-0.0310241
fs_-40C_1.20V,mos_fs,-40,1.2,8,28473804.10022778,12,4.11494e-05,3.87628e-05,0.712717,0.346234,1.2,1.2,1.8794099009900986e-08,1.23501,-0.0181029
fs_-40C_1.20V,mos_fs,-40,1.2,16,50474459.92327877,12,7.27858e-05,6.90255e-05,0.67862,0.37421,1.2,1.2,1.0941157994579945e-08,1.20309,-0.0281201
fs_-40C_1.20V,mos_fs,-40,1.2,32,91132780.46113208,12,0.000134132,0.000128183,0.632446,0.410573,1.2,1.2,6.292919708029199e-09,1.22225,-0.0195558
fs_-40C_1.20V,mos_fs,-40,1.2,64,159795461.80888456,12,0.000249051,0.000231872,0.571452,0.456692,1.2,1.19993,3.7304841269841286e-09,1.21044,-0.0151927
fs_-40C_1.20V,mos_fs,-40,1.2,128,261711593.82360697,12,0.000451732,0.000431072,0.493501,0.513316,1.2,1.19996,2.3409407407407415e-09,1.21509,-0.0119154
fs_-40C_1.20V,mos_fs,-40,1.2,255,387506781.36867493,12,0.000775782,0.000749386,0.399903,0.57857,1.2,1.2,1.6105836144578324e-09,1.22095,-0.0162376
fs_-40C_1.32V,mos_fs,-40,1.32,0,5962318.149296423,12,1.07648e-05,9.4349e-06,0.892519,0.294059,1.32,1.32,8.344021052631587e-08,1.34703,-0.0152984
fs_-40C_1.32V,mos_fs,-40,1.32,1,9015506.671474954,12,1.56059e-05,1.41353e-05,0.877949,0.307395,1.32,1.32,5.531741379310345e-08,1.34785,-0.0183921
fs_-40C_1.32V,mos_fs,-40,1.32,2,12077294.685990358,12,2.06069e-05,1.88077e-05,0.866593,0.317557,1.32,1.32,4.165074358974357e-08,1.35433,-0.0255214
fs_-40C_1.32V,mos_fs,-40,1.32,4,18261504.74799122,12,3.02875e-05,2.81354e-05,0.848795,0.333099,1.32,1.32,2.8212773109243705e-08,1.36247,-0.0312431
fs_-40C_1.32V,mos_fs,-40,1.32,8,30459945.172098584,12,4.98957e-05,4.66699e-05,0.822621,0.355207,1.32,1.32,1.723609900990098e-08,1.37222,-0.0457636
fs_-40C_1.32V,mos_fs,-40,1.32,16,54728546.40980714,12,8.83165e-05,8.30752e-05,0.785805,0.385114,1.32,1.32,9.907057994579945e-09,1.35949,-0.0419754
fs_-40C_1.32V,mos_fs,-40,1.32,32,101296596.43435957,12,0.000163224,0.000153806,0.735465,0.42437,1.32,1.31999,5.573519708029196e-09,1.35396,-0.0265777
fs_-40C_1.32V,mos_fs,-40,1.32,64,183621006.24311483,12,0.000304661,0.00028708,0.668211,0.474732,1.32,1.31997,3.205184126984129e-09,1.32987,-0.0114817
fs_-40C_1.32V,mos_fs,-40,1.32,128,309789343.24659413,12,0.000557577,0.000533811,0.581085,0.537413,1.32,1.32,1.972140740740741e-09,1.33403,-0.0103707
fs_-40C_1.32V,mos_fs,-40,1.32,255,468077139.1125239,12,0.000966888,0.000931245,0.474716,0.61089,1.32,1.32,1.3420836144578316e-09,1.33928,-0.0141439
fs_27C_1.08V,mos_fs,27,1.08,0,3995046.142782952,12,5.57469e-06,5.04863e-06,0.716797,0.220841,1.08,1.08,1.2542621052631588e-07,1.09943,-0.0153275
fs_27C_1.08V,mos_fs,27,1.08,1,6066488.7163309585,12,8.20709e-06,7.53089e-06,0.701154,0.235335,1.08,1.08,8.346341379310345e-08,1.10302,-0.0192674
fs_27C_1.08V,mos_fs,27,1.08,2,8134710.811030661,12,1.08228e-05,9.99951e-06,0.689369,0.24611,1.08,1.08,6.291974358974357e-08,1.09445,-0.0226286
fs_27C_1.08V,mos_fs,27,1.08,4,12235409.274440233,12,1.59548e-05,1.48992e-05,0.671526,0.262166,1.08,1.08,4.2574773109243685e-08,1.10384,-0.0222173
fs_27C_1.08V,mos_fs,27,1.08,8,20296326.3649279,12,2.61144e-05,2.45775e-05,0.646415,0.284224,1.08,1.08,2.624609900990098e-08,1.10201,-0.00334138
fs_27C_1.08V,mos_fs,27,1.08,16,35760263.19553719,12,4.59182e-05,4.35255e-05,0.612756,0.312882,1.08,1.08,1.5369857994579948e-08,1.0962,-0.0122644
fs_27C_1.08V,mos_fs,27,1.08,32,64098455.227229096,12,8.38614e-05,7.97291e-05,0.568849,0.348975,1.08,1.08,8.892719708029198e-09,1.08727,-0.0156401
fs_27C_1.08V,mos_fs,27,1.08,64,111607142.85714258,12,0.00015409,0.000147359,0.512689,0.393526,1.08,1.08,5.281984126984128e-09,1.08831,-0.00664184
fs_27C_1.08V,mos_fs,27,1.08,128,181917409.49608836,12,0.000277081,0.000267848,0.442751,0.447107,1.08,1.08,3.3285407407407416e-09,1.09219,-0.0100607
fs_27C_1.08V,mos_fs,27,1.08,255,269186249.9663518,12,0.000473322,0.00045774,0.360275,0.508089,1.08,1.08,2.2852736144578323e-09,1.09685,-0.0139666
fs_27C_1.20V,mos_fs,27,1.2,0,4214075.010535198,12,7.17435e-06,6.24594e-06,0.82861,0.228737,1.2,1.2,1.1677521052631584e-07,1.22466,-0.016279
fs_27C_1.20V,mos_fs,27,1.2,1,6411078.343377384,12,1.03925e-05,9.32881e-06,0.812332,0.243747,1.2,1.2,7.731641379310344e-08,1.22394,-0.0212901
fs_27C_1.20V,mos_fs,27,1.2,2,8625150.940141495,12,1.36607e-05,1.23986e-05,0.799972,0.254978,1.2,1.2,5.809774358974361e-08,1.22685,-0.0259533
fs_27C_1.20V,mos_fs,27,1.2,4,13080444.735121008,12,2.00411e-05,1.85032e-05,0.781102,0.271831,1.2,1.2,3.8940773109243694e-08,1.22728,-0.0315317
fs_27C_1.20V,mos_fs,27,1.2,8,21978021.978022065,12,3.27944e-05,3.05854e-05,0.754254,0.295208,1.2,1.2,2.3739099009900995e-08,1.23103,-0.0327091
fs_27C_1.20V,mos_fs,27,1.2,16,39460184.67366429,12,5.77114e-05,5.42928e-05,0.71781,0.325938,1.2,1.2,1.3617557994579943e-08,1.22961,-0.0249687
fs_27C_1.20V,mos_fs,27,1.2,32,72695551.03227665,12,0.000105733,0.000100071,0.669651,0.365137,1.2,1.2,7.688919708029193e-09,1.21574,-0.00371693
fs_27C_1.20V,mos_fs,27,1.2,64,131095962.24436252,12,0.000195497,0.000185936,0.607234,0.414173,1.2,1.2,4.439084126984127e-09,1.20787,-0.00992299
fs_27C_1.20V,mos_fs,27,1.2,128,220555800.61755595,12,0.000354428,0.000340552,0.528379,0.474011,1.2,1.2,2.735940740740741e-09,1.21134,-0.00866779
fs_27C_1.20V,mos_fs,27,1.2,255,333789512.3335221,12,0.000611366,0.000586357,0.433804,0.543274,1.2,1.2,1.8512236144578321e-09,1.21573,-0.0122557
fs_27C_1.32V,mos_fs,27,1.32,0,4392515.154177279,12,8.90628e-06,7.49456e-06,0.941376,0.235717,1.32,1.32,1.1128221052631583e-07,1.34547,-0.0161501
fs_27C_1.32V,mos_fs,27,1.32,1,6668889.629876619,12,1.28587e-05,1.1202e-05,0.924484,0.251222,1.32,1.32,7.368341379310342e-08,1.34518,-0.0223792
fs_27C_1.32V,mos_fs,27,1.32,2,8967805.577975072,12,1.67608e-05,1.48969e-05,0.91157,0.262888,1.32,1.32,5.5262743589743597e-08,1.35109,-0.0278198
fs_27C_1.32V,mos_fs,27,1.32,4,13601741.022850938,12,2.45527e-05,2.22525e-05,0.891717,0.280497,1.32,1.32,3.69397731092437e-08,1.3635,-0.0294477
fs_27C_1.32V,mos_fs,27,1.32,8,22988505.7471265,12,3.98794e-05,3.68399e-05,0.86322,0.305116,1.32,1.32,2.2247099009900997e-08,1.35549,-0.0437767
fs_27C_1.32V,mos_fs,27,1.32,16,41841004.18410043,12,7.02234e-05,6.55607e-05,0.824147,0.337787,1.32,1.32,1.2618857994579952e-08,1.32521,-0.03512
fs_27C_1.32V,mos_fs,27,1.32,32,78715365.23929468,12,0.000128713,0.000121317,0.771961,0.379907,1.32,1.32,6.9693197080291994e-09,1.34566,-0.0207701
fs_27C_1.32V,mos_fs,27,1.32,64,146284376.8285548,12,0.000239252,0.000226675,0.703563,0.433202,1.32,1.32,3.919584126984127e-09,1.32774,-0.0182891
fs_27C_1.32V,mos_fs,27,1.32,128,254452926.2086508,12,0.000436776,0.000416348,0.616077,0.499053,1.32,1.32,2.3550407407407412e-09,1.3311,-0.00799381
fs_27C_1.32V,mos_fs,27,1.32,255,394897918.8879671,12,0.000759182,0.00072859,0.50961,0.576408,1.32,1.32,1.5672136144578312e-09,1.33529,-0.0113203
fs_125C_1.08V,mos_fs,125,1.08,0,2836798.956057982,12,5.035e-06,4.25534e-06,0.810314,0.12556,1.08,1.08,1.6947121052631588e-07,1.09977,-0.0149817
fs_125C_1.08V,mos_fs,125,1.08,1,4128478.2429196653,12,6.95577e-06,6.06154e-06,0.792759,0.141548,1.08,1.08,1.1748741379310343e-07,1.09505,-0.0230139
fs_125C_1.08V,mos_fs,125,1.08,2,5441140.463041052,11,8.85452e-06,7.85836e-06,0.779362,0.153783,1.08,1.08,8.995974358974358e-08,1.10074,-0.0075774
fs_125C_1.08V,mos_fs,125,1.08,4,8108327.2520878855,11,1.26155e-05,1.1427e-05,0.75905,0.17231,1.08,1.08,6.11477731092437e-08,1.10064,-0.025799
fs_125C_1.08V,mos_fs,125,1.08,8,13535462.912831634,11,2.00583e-05,1.84757e-05,0.730727,0.197977,1.08,1.08,3.7294099009900986e-08,1.10111,-0.0212147
fs_125C_1.08V,mos_fs,125,1.08,16,24500796.275878973,11,3.46126e-05,3.22678e-05,0.693486,0.231287,1.08,1.08,2.1185457994579943e-08,1.0941,-0.00563522
fs_125C_1.08V,mos_fs,125,1.08,32,45974897.70585256,11,6.25461e-05,5.88244e-05,0.646017,0.272965,1.08,1.08,1.1732019708029197e-08,1.083,-0.00757877
fs_125C_1.08V,mos_fs,125,1.08,64,85084659.23593977,11,0.000114765,0.000108598,0.586452,0.324126,1.08,1.08,6.618484126984128e-09,1.08474,-0.00360574
fs_125C_1.08V,mos_fs,125,1.08,128,147666863.55581817,11,0.000207666,0.000197807,0.512947,0.385753,1.08,1.08,3.974840740740741e-09,1.08713,-0.00573716
fs_125C_1.08V,mos_fs,125,1.08,255,229700241.18525326,11,0.000359923,0.000345274,0.425764,0.456882,1.08,1.08,2.629203614457831e-09,1.09018,-0.00850021
fs_125C_1.20V,mos_fs,125,1.2,0,2956742.852074153,12,6.27766e-06,5.10009e-06,0.921444,0.133857,1.2,1.2,1.6190221052631584e-07,1.21526,-0.0180566
fs_125C_1.20V,mos_fs,125,1.2,1,4325633.705337819,12,8.67388e-06,7.32433e-06,0.903065,0.150667,1.2,1.2,1.1152741379310345e-07,1.22437,-0.0245087
fs_125C_1.20V,mos_fs,125,1.2,2,5713469.504356518,11,1.09889e-05,9.5392e-06,0.889029,0.163512,1.2,1.2,8.500574358974357e-08,1.22693,-0.0281035
fs_125C_1.20V,mos_fs,125,1.2,4,8524422.470377633,12,1.57218e-05,1.39437e-05,0.867683,0.182986,1.2,1.2,5.754377310924369e-08,1.21637,-0.0311694
fs_125C_1.20V,mos_fs,125,1.2,8,14250089.063056659,11,2.48679e-05,2.26629e-05,0.837727,0.210085,1.2,1.2,3.500809900990099e-08,1.22482,-0.0274897
fs_125C_1.20V,mos_fs,125,1.2,16,25927894.52532506,11,4.29839e-05,3.97833e-05,0.797953,0.245542,1.2,1.2,1.9728157994579942e-08,1.22183,-0.0164604
fs_125C_1.20V,mos_fs,125,1.2,32,49421765.34545822,12,7.7924e-05,7.29158e-05,0.746649,0.290386,1.2,1.2,1.0733719708029194e-08,1.20282,-0.00248216
fs_125C_1.20V,mos_fs,125,1.2,64,94082227.86715628,12,0.000143588,0.000135426,0.681448,0.346098,1.2,1.2,5.892184126984129e-09,1.20469,-0.00336198
fs_125C_1.20V,mos_fs,125,1.2,128,169118890.58007756,12,0.000261467,0.0002484,0.599897,0.414074,1.2,1.2,3.434540740740741e-09,1.20713,-0.00545926
fs_125C_1.20V,mos_fs,125,1.2,255,271444082.5190014,12,0.000457078,0.000437129,0.501703,0.493656,1.2,1.2,2.218983614457832e-09,1.21024,-0.00819087
fs_125C_1.32V,mos_fs,125,1.32,0,3077207.126811707,12,7.84205e-06,5.99556e-06,1.03337,0.141467,1.32,1.32,1.5418121052631585e-07,1.34257,-0.0138692
fs_125C_1.32V,mos_fs,125,1.32,1,4516507.836141096,12,1.06171e-05,8.66293e-06,1.01424,0.159007,1.32,1.32,1.0588041379310343e-07,1.34759,-0.025485
fs_125C_1.32V,mos_fs,125,1.32,2,5970149.253731325,12,1.35035e-05,1.13209e-05,0.999612,0.172407,1.32,1.32,8.084574358974357e-08,1.35091,-0.0304689
fs_125C_1.32V,mos_fs,125,1.32,4,8905512.512245087,12,1.90659e-05,1.66113e-05,0.977291,0.192761,1.32,1.32,5.46317731092437e-08,1.35325,-0.0377332
fs_125C_1.32V,mos_fs,125,1.32,8,14869888.475836415,11,3.00927e-05,2.7101e-05,0.945776,0.221213,1.32,1.32,3.3279099009900986e-08,1.35048,-0.0391546
fs_125C_1.32V,mos_fs,125,1.32,16,27060303.88721266,11,5.1888e-05,4.77537e-05,0.90357,0.258714,1.32,1.32,1.8691157994579945e-08,1.34778,-0.0296879
fs_125C_1.32V,mos_fs,125,1.32,32,51961548.45414383,12,9.42755e-05,8.78872e-05,0.848568,0.306589,1.32,1.32,1.0068019708029197e-08,1.33441,-0.0173
fs_125C_1.32V,mos_fs,125,1.32,64,100948919.84655754,12,0.000174444,0.00016403,0.777896,0.366689,1.32,1.32,5.413184126984128e-09,1.32459,-0.00823558
fs_125C_1.32V,mos_fs,125,1.32,128,186985789.08002982,12,0.000319668,0.00030259,0.688474,0.440829,1.32,1.32,3.0724407407407404e-09,1.3271,-0.00520927
fs_125C_1.32V,mos_fs,125,1.32,255,309319805.74716127,12,0.000562093,0.000536021,0.579404,0.528688,1.32,1.32,1.939293614457832e-09,1.33018,-0.00797811
