sample,f0,f15,f16,f127,f128,f255
0,4041383.769802784,35612535.612535514,37079609.92250375,217155266.01520178,218627022.29995635,334817691.7668334
1,3893777.7431664276,34202065.80477453,36537688.62581748,213629566.3319809,214961306.964746,330720640.2751598
2,3834649.896464459,35401989.591815025,37674716.4977582,218531468.5314685,219635405.22732258,336066675.6284442
3,3188470.490705606,31003906.49221803,33042558.815754794,205592105.2631575,207082211.63802046,324591015.3206957
4,4423017.382458305,37439161.36278554,39654215.24308024,222617987.53339213,223964165.73348227,339385711.8615315
5,4028684.231729915,36793112.32937197,38975718.127606496,221729490.0221727,223114680.94600624,339523987.36970687
6,3674984.381316377,33505327.347048163,35799949.88007011,212044105.17387614,212992545.26091573,328850011.5097516
7,3699593.0447650556,33811198.26886656,36205648.08110054,214868929.9527284,215053763.44085997,333177850.33651
8,3942595.805078066,35748757.730668746,38227761.000038244,221287895.55211383,222419928.825622,340008840.2298454
9,4751948.29880251,38922621.82780646,41488611.37617708,228310502.28310415,229515721.82694563,346044708.9764001
10,3702195.4018733106,32931568.201277662,35097571.248069614,210039907.5824407,211193241.81626207,327739905.6109069
11,3521002.7815921973,31744016.252936333,33788349.776996896,205803663.30520666,206953642.38410598,323289796.9740078
12,3717472.1189591154,34146008.33162601,35837155.963302776,212720697.72388867,213949507.91613153,329380764.1633727
13,3739436.0930371718,34510128.722780064,36557724.64721789,216590859.86571392,217202432.6672456,334918614.77661073
14,3650700.9345794315,33698399.326032065,35783296.35726046,213174163.29140913,215053763.44085997,331400165.70008206
15,3535317.825072463,32791185.729276016,35092644.58169565,212134068.73143834,213903743.3155077,331785003.3178497
16,3451489.3176405574,31390275.29271427,33990482.66485383,203707476.06437233,205170291.34181392,318664159.84194225
17,3522118.9067343064,32095516.256378993,33919001.42459803,204290091.9305417,205549845.83761516,319121776.87005377
18,4001440.5185866677,35630300.00712605,37858711.28946765,220167327.16864872,221631205.6737585,339431791.18156236
19,3705899.7924696147,33755274.26160331,35762820.97131822,210881484.60565147,212449543.2334813,326818746.3232886
20,4368719.965050232,37450378.248820245,39424403.70589396,225733634.31151137,227842333.10549098,345805380.73172426
21,4145249.5440225545,37196845.70748387,39405761.122276075,225682690.1376667,226193168.96629736,344898944.6092295
22,3266372.693124281,30695561.421818465,32633880.494729523,197784810.12658218,199560965.87507415,310732707.7248157
23,3697951.3349604243,33142213.23699992,35453449.620648146,209731543.62416077,210570646.45188525,325330210.16331637
24,4004164.3309041173,35443396.89515848,37774336.11604279,221582096.1666306,222717149.22049084,342079157.11695737
25,3622794.623772779,33544664.721076112,36162441.68806272,214041095.89041078,215285252.96017224,331751982.2180931
26,3802715.138608987,34272397.01144698,36102386.36773885,214362272.24008593,215749730.31283644,332049408.95205146
27,3509141.3131206864,31616554.427898448,34143676.59109537,206654267.4106217,207555002.07554957,323509430.2998929
28,4144218.8147534095,36222697.14202914,38936261.34018615,222074172.77370656,223264121.45568225,340738721.5483173
29,3741114.852225964,33957010.424802125,35545444.85124237,210703750.526759,211550666.38459912,326338804.9472967
30,3920492.4138471805,34987054.78972785,36888118.33708354,218627022.29995635,219731927.04899964,338501117.05368644
31,3226326.8269075626,30692735.02961847,32267432.480397575,200481154.77145183,200843542.8800961,315965749.31277484
32,3850152.0810072026,34610459.28079457,36556388.22884303,214454214.0253059,214961306.964746,331939188.740622
33,3457456.0038723596,32087277.394513074,34266525.0316965,206611570.24793464,206910821.43596107,322934831.7509517
34,3428649.797709664,31578614.96194778,33135624.10948011,201897839.6931151,202716399.75673997,316756414.3173906
35,3606983.119319014,33276762.836511314,34955257.270693466,211104074.30863425,212539851.22210348,329750049.46250707
36,3855793.3294775477,34974818.13094569,36605900.87122043,219683655.53602812,221238938.0530972,339385711.8615315
37,3158759.239370776,30150450.749238707,31807627.469067033,199362041.46730477,200722601.3649143,315188955.77898866
38,3236979.250963,29996700.36295995,31926441.478832774,201409869.08358544,202757502.02757525,318440913.288539
39,3943062.1820906205,35032404.974601515,37463005.28228372,217580504.78677124,219780219.78021988,336021505.37634414
40,4052520.667855398,36978145.91576373,38592158.07347939,220167327.16864872,220896841.17517,336609667.429649
41,3979941.096871763,36277888.626881994,38440839.54793571,221385875.58113793,222222222.2222225,339512460.10728604
42,3237084.0347015294,29999400.01199971,31464350.890441038,199163513.24437353,199401794.61615172,314307266.7840081
43,3735245.7791722617,33852403.520649925,35891177.94846015,210304942.16614127,211059518.7842972,326062147.44530255
44,5020584.396023697,39744048.32876265,43012602.692589074,232612235.403582,234852043.2127768,352683924.6667128
45,3433240.6358361696,32056419.297964435,34129692.83276453,205465379.08362442,207296849.08789426,321533069.67621636
46,4081632.6530612214,35960874.56846953,37708812.54949285,220312844.23881856,221141088.0141534,338409475.4653128
47,4223686.43351918,36358347.87667254,38406882.513346374,219925225.42335632,221680336.9541125,338810774.1826192
48,4217273.954116068,35686246.52059089,37924757.281553335,220945647.37074694,221680336.95411184,340599455.04087263
49,3516174.402250349,33889114.81632112,35747479.8026739,214592274.67811203,215703192.4072481,332922728.63468367
50,3377579.6264397027,32291397.571686942,33546915.361132484,205549845.83761573,205676676.26491123,321274818.47972745
51,4443457.009553423,38122831.76394332,40539992.702801324,226193168.9662967,227894257.064722,344305192.12229806
52,4098360.65573771,36367603.738589704,37982376.17745367,219346347.88330737,220994475.13812175,336700336.70033604
53,3401823.377330261,31990786.65344386,34097108.56519366,206270627.06270662,207125103.56255198,321760674.41037375
54,3542205.377067756,33939723.05185983,35306994.31557391,213447171.82497367,215053763.44085997,332104546.5112426
55,3542330.8537017484,32778287.66225244,34319445.397762306,207943439.38448742,209336403.60058656,325065825.82973087
56,3506434.306953265,32404406.999351967,34371348.044270284,206611570.2479335,207210940.7376707,322133814.38649595
57,3725782.414306995,33805483.24938305,36136306.14678573,213903743.3155083,214546234.71358117,332259029.13911736
58,4187780.057791374,37173339.281067714,39119039.23639627,223613595.70661888,223763705.5269636,342207925.5355551
59,4604899.613188433,39742468.80216199,41891835.281303786,230043708.30457756,231213872.83236957,348068221.37138855
60,3872966.6924864394,35420799.09322763,38072032.285083406,218007412.25201595,219394471.25932392,336134453.7815113
61,3433358.5112957614,32001024.032769058,33996260.41135478,204750204.7502045,206440957.88604516,320605302.8117076
62,3781004.2347247424,34642832.397976905,36959012.455187194,214961306.964746,216543958.4235602,332457860.9661221
63,3845562.221196747,35149384.88576447,36782285.65123038,218435998.25251186,220118864.18666002,337621121.5773668
