PVT,code,tPLH ps,tPHL ps,mean ps,rise 20-80 ps,fall 20-80 ps,slope up V/ns,slope down V/ns,11-stage ring MHz
tt_-40C_1.08V,0,8001.7,9392.0,8696.85,13955.900000000001,11424.0,0.0705352,0.08389980000000001,5.226552769628711
tt_-40C_1.08V,16,904.31,1081.4399999999998,992.875,1529.0,1371.82,0.564057,0.566543,45.78073317844185
tt_-40C_1.08V,128,183.95,217.07999999999998,200.51500000000001,223.13,214.1,3.5649400000000004,3.35508,226.68900308977112
tt_-40C_1.08V,255,126.324,146.55,136.43699999999998,134.679,126.8,5.908740000000001,5.55985,333.1540964294543
tt_-40C_1.20V,0,7443.2,8410.7,7926.95,12794.800000000001,9681.300000000001,0.0765111,0.11604900000000001,5.734178398317821
tt_-40C_1.20V,16,791.6999999999999,940.3100000000001,866.005,1402.6999999999998,1184.3600000000001,0.701098,0.7639180000000001,52.48762473027922
tt_-40C_1.20V,128,145.83,174.87,160.35000000000002,201.28,186.87,4.4477400000000005,4.254560000000001,283.4708166794228
tt_-40C_1.20V,255,99.139,116.11999999999999,107.6295,119.945,108.89999999999999,7.61784,7.185630000000001,422.324227600662
tt_-40C_1.32V,0,7043.1,7692.499999999999,7367.799999999999,11882.800000000001,8447.8,0.07859010000000001,0.14879900000000001,6.169351157000117
tt_-40C_1.32V,16,735.77,855.96,795.865,1310.75,1052.37,0.8157460000000001,1.00308,57.113386635353294
tt_-40C_1.32V,128,122.13,148.57000000000002,135.35,185.66,167.57,5.32795,5.231870000000001,335.82966719279983
tt_-40C_1.32V,255,81.78200000000001,96.73,89.256,109.721,96.67999999999999,9.37866,8.93703,509.26039094901694
tt_27C_1.08V,0,10487.0,12134.8,11310.9,17805.6,13273.4,0.0438454,0.0749506,4.018649749758681
tt_27C_1.08V,16,1108.02,1357.22,1232.6200000000001,1968.29,1656.01,0.451514,0.49767300000000003,36.87636534742699
tt_27C_1.08V,128,208.31,253.24999999999997,230.78,290.96,271.79999999999995,2.79359,2.66371,196.96050547944125
tt_27C_1.08V,255,141.448,167.85,154.649,172.641,160.68,4.76348,4.44627,293.9207201763054
tt_27C_1.20V,0,9817.699999999999,10878.3,10348.0,16233.099999999999,11465.9,0.047384,0.09646690000000001,4.392592332290826
tt_27C_1.20V,16,1011.1400000000001,1208.05,1109.595,1800.6,1442.8300000000002,0.5301170000000001,0.670803,40.964987634718476
tt_27C_1.20V,128,170.41,210.26000000000002,190.335,262.28999999999996,237.74999999999997,3.4612100000000003,3.39319,238.8133840572961
tt_27C_1.20V,255,113.683,136.5,125.0915,154.28300000000002,139.29,6.06719,5.722460000000001,363.37037652075054
tt_27C_1.32V,0,9500.5,9920.5,9710.5,15054.2,10175.3,0.051745400000000004,0.116356,4.680968586019819
tt_27C_1.32V,16,953.0999999999999,1105.46,1029.28,1669.38,1289.3700000000001,0.5746,0.863564,44.16149682743807
tt_27C_1.32V,128,146.72,182.86,164.79000000000002,241.42,213.08,4.13016,4.19914,275.8331540417832
tt_27C_1.32V,255,95.601,116.14,105.87049999999999,140.678,124.09,7.41011,7.11207,429.34099163171476
tt_125C_1.08V,0,16949.7,16118.5,16534.1,24235.5,16764.1,0.0240567,0.051224900000000004,2.749139381916491
tt_125C_1.08V,16,1601.8899999999999,1948.6899999999998,1775.29,2799.73,2151.4100000000003,0.260012,0.41244200000000003,25.604011431679027
tt_125C_1.08V,128,248.19,326.89,287.54,414.26000000000005,368.03000000000003,2.00056,2.01399,158.0807729517474
tt_125C_1.08V,255,160.049,206.73,183.3895,237.897,219.03,3.5866100000000003,3.3576900000000003,247.85794963476891
tt_125C_1.20V,0,16318.300000000001,14527.599999999999,15422.949999999999,22397.4,15252.9,0.0282436,0.06000900000000001,2.9472017645486406
tt_125C_1.20V,16,1508.69,1760.29,1634.49,2554.38,1909.2900000000002,0.29452900000000004,0.5204610000000001,27.80961979244012
tt_125C_1.20V,128,215.82999999999998,284.18,250.005,376.74,325.89,2.4203300000000003,2.5531900000000003,181.81454552727126
tt_125C_1.20V,255,134.703,175.75,155.22650000000002,213.862,192.31,4.46188,4.27655,292.82722637272275
tt_125C_1.32V,0,15718.199999999999,13191.099999999999,14454.65,20939.4,14130.2,0.0330794,0.06786460000000001,3.1446313438613496
tt_125C_1.32V,16,1454.78,1618.99,1536.8850000000002,2359.9300000000003,1725.05,0.332004,0.625993,29.575762307879543
tt_125C_1.32V,128,194.54999999999998,254.34000000000003,224.445,348.42,294.37,2.82383,3.1432300000000004,202.5197507386908
tt_125C_1.32V,255,117.539,154.42,135.9795,195.934,172.70999999999998,5.34456,5.270510000000001,334.27498596880747
ss_-40C_1.08V,0,9480.699999999999,11611.300000000001,10546.0,16068.5,15746.500000000002,0.05737660000000001,0.05614040000000001,4.310121890247055
ss_-40C_1.08V,16,1201.38,1429.16,1315.2700000000002,1754.8899999999999,1753.91,0.476065,0.447149,34.559098477533475
ss_-40C_1.08V,128,244.17999999999998,281.14000000000004,262.66,251.07,254.45,3.10657,2.87846,173.05469220492444
ss_-40C_1.08V,255,163.799,185.73,174.7645,149.79000000000002,147.4,5.12249,4.82143,260.09026692804
ss_-40C_1.20V,0,8453.699999999999,10078.6,9266.15,14849.1,12940.7,0.0741542,0.08114410000000001,4.90544028043421
ss_-40C_1.20V,16,955.8,1142.71,1049.255,1594.28,1490.48,0.599371,0.58518,43.32078041519502
ss_-40C_1.20V,128,185.28,216.59,200.935,222.29,217.45999999999998,3.97088,3.70771,226.21517134668153
ss_-40C_1.20V,255,123.657,141.66,132.6585,130.041,123.49999999999999,6.79098,6.35425,342.6432942822771
ss_-40C_1.32V,0,7860.6,9061.8,8461.199999999999,13855.0,10976.1,0.08810280000000001,0.112226,5.3721157110747235
ss_-40C_1.32V,16,835.3900000000001,992.6099999999999,914.0,1476.6000000000001,1294.26,0.736751,0.7687160000000001,49.73145016908694
ss_-40C_1.32V,128,149.03,176.88,162.95499999999998,203.1,192.48,4.8307400000000005,4.57618,278.9392498207816
ss_-40C_1.32V,255,98.768,114.31,106.53899999999999,117.39,108.02000000000001,8.51585,7.966200000000001,426.6470067725946
ss_27C_1.08V,0,11735.0,14458.6,13096.800000000001,20862.2,17626.8,0.047411,0.0532544,3.4706604250309585
ss_27C_1.08V,16,1350.01,1657.5900000000001,1503.8000000000002,2233.92,2106.08,0.387653,0.37400700000000003,30.226456612944176
ss_27C_1.08V,128,273.83000000000004,321.93,297.88,323.83,320.75,2.4621,2.28451,152.5934787650915
ss_27C_1.08V,255,183.694,211.49,197.592,190.27,185.49,4.15608,3.85577,230.04243822900446
ss_27C_1.20V,0,10721.199999999999,12734.0,11727.599999999999,18945.5,14768.1,0.054986600000000004,0.0750915,3.8758608286900524
ss_27C_1.20V,16,1147.79,1405.1000000000001,1276.4450000000002,2029.4799999999998,1787.78,0.49112900000000004,0.507464,35.610265584921756
ss_27C_1.20V,128,212.85,254.40000000000003,233.625,288.28000000000003,276.02,3.11769,2.9336300000000004,194.5619923148013
ss_27C_1.20V,255,141.696,165.06,153.37800000000001,167.19899999999998,157.76999999999998,5.4225,5.02934,296.35635785148753
ss_27C_1.32V,0,9990.7,11469.599999999999,10730.15,17397.3,12727.4,0.0571701,0.09890600000000001,4.236151913491001
ss_27C_1.32V,16,1043.35,1254.24,1148.795,1877.65,1560.57,0.593338,0.674467,39.567151192811124
ss_27C_1.32V,128,175.08,212.45,193.76500000000001,262.76,244.10000000000002,3.7925600000000004,3.64691,234.58594407940262
ss_27C_1.32V,255,115.1,135.69,125.39500000000001,151.221,138.73,6.74898,6.305230000000001,362.490892416328
ss_125C_1.08V,0,17341.1,20090.0,18715.55,29549.7,21057.4,0.0233216,0.0458171,2.4287047644629975
ss_125C_1.08V,16,1765.01,2252.8399999999997,2008.9250000000002,3198.05,2648.8700000000003,0.280192,0.321357,22.62630285080103
ss_125C_1.08V,128,308.78999999999996,390.25,349.52,457.14,431.48,1.80874,1.7052200000000002,130.04848207411723
ss_125C_1.08V,255,203.295,250.18,226.7375,261.17400000000004,251.53,3.1733000000000002,2.89428,200.47211182334397
ss_125C_1.20V,0,16400.9,17820.0,17110.45,26730.2,18346.800000000003,0.0265038,0.057695100000000006,2.6565371135502254
ss_125C_1.20V,16,1608.27,1991.84,1800.055,2899.62,2300.04,0.321699,0.43075600000000003,25.251753671163076
ss_125C_1.20V,128,254.57,326.18,290.375,410.18,375.29,2.25522,2.1891800000000003,156.53739286972174
ss_125C_1.20V,255,163.864,204.61,184.237,232.123,217.29999999999998,4.04906,3.7400700000000002,246.7177898823008
ss_125C_1.32V,0,15911.599999999999,16041.6,15976.6,24552.1,16387.6,0.030035500000000003,0.0689439,2.8450700057925626
ss_125C_1.32V,16,1503.1200000000001,1803.5800000000002,1653.3500000000001,2660.6600000000003,2040.99,0.350667,0.5506770000000001,27.492391480657727
ss_125C_1.32V,128,220.23,284.13,252.18,375.38,333.92,2.7124200000000003,2.7323500000000003,180.24643292309244
ss_125C_1.32V,255,137.982,174.58999999999997,156.286,210.365,192.44,4.96773,4.67339,290.842080893653
ff_-40C_1.08V,0,6943.599999999999,7679.599999999999,7311.599999999999,11489.5,8446.4,0.0661157,0.119232,6.216771357096321
ff_-40C_1.08V,16,751.42,885.3000000000001,818.36,1322.36,1080.13,0.65025,0.759681,55.54345942439201
ff_-40C_1.08V,128,142.91,172.04999999999998,157.48000000000002,200.63,182.57,4.03361,3.91163,288.6369409102454
ff_-40C_1.08V,255,99.247,117.00000000000001,108.12350000000002,122.80000000000001,110.39,6.74031,6.405690000000001,420.39469176030605
ff_-40C_1.20V,0,6639.7,7011.8,6825.75,10651.199999999999,7401.7,0.0705405,0.149291,6.659274871559235
ff_-40C_1.20V,16,700.6700000000001,804.67,752.6700000000001,1225.99,959.47,0.734844,1.00781,60.39106840254754
ff_-40C_1.20V,128,118.91000000000001,145.22,132.065,183.26,162.26,4.914000000000001,4.914000000000001,344.1831329613861
ff_-40C_1.20V,255,80.953,96.42,88.6865,111.026,96.82,8.49287,8.16327,512.5306044837201
ff_-40C_1.32V,0,6585.8,6501.6,6543.7,10035.199999999999,6666.5,0.0765772,0.176153,6.946306440476405
ff_-40C_1.32V,16,673.07,750.6800000000001,711.8750000000001,1152.48,873.0699999999999,0.7872140000000001,1.2737,63.85186367627105
ff_-40C_1.32V,128,103.92999999999999,128.20999999999998,116.07,170.85999999999999,147.69,5.7591600000000005,5.99591,391.613211463302
ff_-40C_1.32V,255,68.959,83.06,76.0095,102.296,87.26,10.2469,10.0418,598.0113729802914
ff_27C_1.08V,0,9720.800000000001,10056.4,9888.6,14666.099999999999,10256.2,0.0422775,0.0903463,4.596661352926143
ff_27C_1.08V,16,976.98,1156.01,1066.4950000000001,1703.41,1329.1000000000001,0.454421,0.660066,42.62049559964694
ff_27C_1.08V,128,165.92000000000002,207.97,186.94500000000002,261.82,232.0,3.12094,3.13498,243.14394851183746
ff_27C_1.08V,255,111.939,136.98,124.45949999999999,157.091,140.21,5.4073,5.15144,365.215555699207
ff_27C_1.20V,0,9573.2,9137.2,9355.2,13594.0,9203.0,0.048240200000000004,0.107354,4.8587465211374905
ff_27C_1.20V,16,925.25,1055.58,990.4150000000001,1570.55,1187.7,0.502492,0.8466210000000001,45.894443697384894
ff_27C_1.20V,128,142.98000000000002,180.37,161.675,239.44,206.85999999999999,3.76176,3.94348,281.1476446856067
ff_27C_1.20V,255,93.64999999999999,115.92999999999999,104.78999999999999,141.916,123.82,6.72024,6.53061,433.7679688381092
ff_27C_1.32V,0,9423.6,8409.8,8916.7,12784.199999999999,8486.300000000001,0.054652700000000005,0.12255100000000001,5.097686975511731
ff_27C_1.32V,16,896.46,983.85,940.1550000000001,1468.25,1082.56,0.5539240000000001,1.02624,48.34792715514511
ff_27C_1.32V,128,128.44,161.96,145.2,223.23,188.45999999999998,4.37014,4.8184000000000005,313.04783370899077
ff_27C_1.32V,255,81.423,101.83,91.6265,130.721,112.02000000000001,8.03384,8.0,496.0851440854497
ff_125C_1.08V,0,13392.0,10839.1,12115.55,17241.5,12230.5,0.034148000000000005,0.0607646,3.751752537404035
ff_125C_1.08V,16,1508.3,1668.9299999999998,1588.615,2377.4300000000003,1761.57,0.262838,0.480951,28.612688067622088
ff_125C_1.08V,128,211.36999999999998,284.03999999999996,247.70499999999998,376.11,318.51000000000005,2.1178500000000002,2.3591100000000003,183.50273694332154
ff_125C_1.08V,255,131.266,177.49,154.378,216.74200000000002,192.99,3.9573500000000004,3.86958,294.4366778591862
ff_125C_1.20V,0,13204.800000000001,10071.4,11638.1,16595.6,11726.4,0.040038000000000004,0.06691760000000001,3.9056672012223177
ff_125C_1.20V,16,1472.54,1537.86,1505.1999999999998,2198.25,1598.92,0.304956,0.574451,30.198342714951806
ff_125C_1.20V,128,191.66,253.55,222.605,346.27,287.0,2.47704,2.9304,204.19373084407562
ff_125C_1.20V,255,114.771,155.39,135.0805,197.59300000000002,172.5,4.779730000000001,4.828,336.4996831855483
ff_125C_1.32V,0,12976.0,9321.4,11148.699999999999,16033.8,11312.6,0.0461926,0.07301690000000001,4.0771162067815485
ff_125C_1.32V,16,1443.02,1437.0,1440.0099999999998,2053.92,1472.99,0.34997900000000004,0.6653560000000001,31.56543736123045
ff_125C_1.32V,128,178.2,231.28,204.74,322.93,262.69,2.8208100000000003,3.54077,222.01106503148117
ff_125C_1.32V,255,103.243,139.5,121.3715,183.07,157.13,5.5776200000000005,5.8420000000000005,374.5075693597381
sf_-40C_1.08V,0,7902.9,11306.099999999999,9604.499999999998,14866.199999999999,12492.1,0.064194,0.07778460000000001,4.732630064505749
sf_-40C_1.08V,16,890.15,1301.02,1095.585,1668.8799999999999,1498.39,0.5253680000000001,0.522661,41.48883514701776
sf_-40C_1.08V,128,175.2,243.22000000000003,209.21,234.39999999999998,225.72,3.45048,3.14548,217.26755630488722
sf_-40C_1.08V,255,118.252,160.5,139.376,135.445,132.46,5.973450000000001,5.3032200000000005,326.12892789680757
sf_-40C_1.20V,0,7396.2,9875.9,8636.05,13421.900000000001,10507.4,0.07022880000000001,0.10858300000000001,5.263349037412412
sf_-40C_1.20V,16,785.13,1112.9199999999998,949.0250000000001,1514.87,1282.04,0.65166,0.7220650000000001,47.896046420848194
sf_-40C_1.20V,128,138.94,195.51000000000002,167.22500000000002,211.52,195.73000000000002,4.3064800000000005,4.01875,271.8166868264043
sf_-40C_1.20V,255,93.01899999999999,126.73000000000002,109.8745,121.341,112.83,7.671900000000001,6.90052,413.6951290294423
sf_-40C_1.32V,0,7025.400000000001,8876.2,7950.8,12340.599999999999,9119.6,0.07367510000000001,0.13966,5.716977594021413
sf_-40C_1.32V,16,735.99,993.39,864.69,1400.1699999999998,1131.24,0.7526510000000001,0.9614680000000001,52.56744666244024
sf_-40C_1.32V,128,116.67,165.76,141.215,194.98000000000002,174.79,5.15021,4.9755,321.88185004812135
sf_-40C_1.32V,255,76.929,105.31,91.1195,111.411,99.65,9.396360000000001,8.62463,498.8454222701557
sf_27C_1.08V,0,10407.800000000001,14555.4,12481.6,18838.7,14493.1,0.0397059,0.06894130000000001,3.641724254466211
sf_27C_1.08V,16,1083.72,1627.0500000000002,1355.385,2118.47,1796.2,0.41688400000000003,0.469218,33.53626125015804
sf_27C_1.08V,128,195.20999999999998,286.53,240.87,304.26,284.05,2.7204,2.5171900000000003,188.70986612922096
sf_27C_1.08V,255,130.79,185.41,158.1,174.129,166.75,4.81552,4.25868,287.50503133804847
sf_27C_1.20V,0,9804.1,12775.6,11289.849999999999,16982.5,12418.1,0.043802,0.08878370000000001,4.026142548797854
sf_27C_1.20V,16,999.13,1417.2800000000002,1208.205,1917.1,1553.18,0.48586900000000005,0.6412140000000001,37.62155052705911
sf_27C_1.20V,128,160.26,236.91000000000003,198.58499999999998,274.05,247.24,3.36464,3.23537,228.89213915726492
sf_27C_1.20V,255,105.449,150.17999999999998,127.81449999999998,156.216,143.52,6.100820000000001,5.51851,355.62902060834614
sf_27C_1.32V,0,9533.1,11469.699999999999,10501.400000000001,15615.4,10947.6,0.0482606,0.10715200000000001,4.328427205376945
sf_27C_1.32V,16,950.2299999999999,1275.1799999999998,1112.705,1763.04,1379.55,0.5290790000000001,0.8282870000000001,40.850490879923655
sf_27C_1.32V,128,138.73,204.95,171.84,251.85000000000002,220.99,4.00061,4.0348500000000005,264.51667513120026
sf_27C_1.32V,255,88.986,127.31,108.148,142.757,127.25,7.41136,6.89655,420.2994549556668
sf_125C_1.08V,0,17956.600000000002,20109.0,19032.800000000003,26620.2,19071.6,0.0210334,0.044315900000000005,2.3882216728250945
sf_125C_1.08V,16,1584.35,2319.92,1952.135,2980.03,2338.51,0.23465300000000003,0.386156,23.28452973515943
sf_125C_1.08V,128,229.77,375.09,302.43,431.63,384.6,1.9325400000000001,1.92239,150.29773982258854
sf_125C_1.08V,255,145.823,232.01000000000002,188.9165,241.315,226.61,3.5846500000000003,3.22244,240.60654021509743
sf_125C_1.20V,0,17188.0,17711.100000000002,17449.550000000003,24242.8,17045.2,0.0252366,0.052897200000000005,2.6049121871077157
sf_125C_1.20V,16,1507.6399999999999,2056.32,1781.98,2700.53,2058.18,0.268162,0.48736900000000005,25.507887548987895
sf_125C_1.20V,128,201.78,322.60999999999996,262.195,391.62,339.49,2.32761,2.46204,173.36160283203515
sf_125C_1.20V,255,123.51299999999999,195.73000000000002,159.6215,217.15200000000002,197.96,4.43295,4.1343700000000005,284.7645552419032
sf_125C_1.32V,0,16479.2,15817.600000000002,16148.400000000001,22414.4,15575.199999999999,0.0300844,0.0607805,2.814801804175364
sf_125C_1.32V,16,1466.04,1862.82,1664.43,2481.87,1846.84,0.304526,0.5855480000000001,27.309376455931133
sf_125C_1.32V,128,183.73,285.94,234.835,361.29999999999995,305.94,2.7010400000000003,3.0576800000000004,193.5595011584536
sf_125C_1.32V,255,108.50399999999999,170.69,139.59699999999998,199.04,177.22,5.28603,5.12323,325.6126238711825
fs_-40C_1.08V,0,7999.799999999999,7579.1,7789.449999999999,12926.2,10258.699999999999,0.0767809,0.08954110000000001,5.8353985781467825
fs_-40C_1.08V,16,926.77,903.7,915.235,1407.43,1263.27,0.601387,0.6164740000000001,49.66434353422395
fs_-40C_1.08V,128,194.69,195.08,194.885,214.96,205.28,3.62781,3.5421400000000003,233.23778358799012
fs_-40C_1.08V,255,135.649,134.09,134.86950000000002,135.374,122.64,5.765840000000001,5.7893300000000005,337.02612862467385
fs_-40C_1.20V,0,7402.3,7010.8,7206.55,12092.4,8778.5,0.0833826,0.122743,6.307393337248121
fs_-40C_1.20V,16,804.42,788.61,796.515,1301.72,1096.88,0.7495080000000001,0.807918,57.06677897408768
fs_-40C_1.20V,128,154.04,157.1,155.57000000000002,193.44,180.16,4.54115,4.47177,292.18066114640004
fs_-40C_1.20V,255,105.95100000000001,106.4,106.1755,119.34,105.91999999999999,7.4876000000000005,7.448790000000001,428.1076656530504
fs_-40C_1.32V,0,6994.0,6548.5,6771.25,11397.300000000001,7720.700000000001,0.0845314,0.15849200000000002,6.712873613372045
fs_-40C_1.32V,16,739.4100000000001,730.11,734.7600000000001,1228.11,979.43,0.878916,1.04216,61.86311918795994
fs_-40C_1.32V,128,128.61,133.51999999999998,131.065,178.38,162.2,5.45793,5.46471,346.8091821199058
fs_-40C_1.32V,255,87.065,88.78999999999999,87.92750000000001,108.536,94.47,9.279760000000001,9.2211,516.9548259025385
fs_27C_1.08V,0,10400.6,9897.1,10148.849999999999,16771.600000000002,11919.4,0.0489974,0.0803064,4.478787789212124
fs_27C_1.08V,16,1138.8500000000001,1121.55,1130.2,1831.04,1529.36,0.48429400000000006,0.525829,40.21814320876434
fs_27C_1.08V,128,223.51999999999998,225.23999999999998,224.38,280.39,262.06,2.838,2.7997400000000003,202.5784181056487
fs_27C_1.08V,255,153.576,152.5,153.038,172.379,156.07000000000002,4.65648,4.61538,297.01476400988935
fs_27C_1.20V,0,9700.1,9089.699999999999,9394.9,15483.500000000002,10392.2,0.0523355,0.10421200000000001,4.838214930924805
fs_27C_1.20V,16,1025.31,1018.93,1022.12,1692.71,1339.35,0.574974,0.6965,44.470850247080044
fs_27C_1.20V,128,182.03,187.16,184.595,252.71,230.29,3.5330500000000002,3.54035,246.23931013594876
fs_27C_1.20V,255,122.79899999999999,124.24000000000001,123.5195,153.055,136.0,5.976240000000001,5.9084200000000004,367.9948951748142
fs_27C_1.32V,0,9335.199999999999,8437.699999999999,8886.449999999999,14488.6,9294.9,0.0567022,0.126201,5.115039802682225
fs_27C_1.32V,16,956.8799999999999,950.8000000000001,953.8400000000001,1584.3,1203.04,0.6239950000000001,0.891109,47.654266391161464
fs_27C_1.32V,128,155.82999999999998,163.26999999999998,159.54999999999998,232.81,206.93,4.23688,4.34998,284.8921683142931
fs_27C_1.32V,255,102.795,105.98,104.3875,139.072,121.64,7.35212,7.3069500000000005,435.4405024983398
fs_125C_1.08V,0,15050.599999999999,12254.5,13652.55,21397.6,13979.6,0.0290444,0.062033300000000006,3.329381357661789
fs_125C_1.08V,16,1605.97,1613.85,1609.9099999999999,2627.76,1965.57,0.29152900000000004,0.43534300000000004,28.234215238457715
fs_125C_1.08V,128,268.28,284.37,276.325,398.82000000000005,353.95,2.0577300000000003,2.1026000000000002,164.4966812794552
fs_125C_1.08V,255,175.751,184.41000000000003,180.08050000000003,235.44199999999998,212.65,3.5545000000000004,3.4827500000000002,252.41236810507215
fs_125C_1.20V,0,14711.0,11393.2,13052.1,20130.3,13026.1,0.0329983,0.0713946,3.4825465215977087
fs_125C_1.20V,16,1498.13,1489.07,1493.6,2415.81,1759.79,0.327127,0.549879,30.43287724594634
fs_125C_1.20V,128,230.92,249.48999999999998,240.205,363.39000000000004,314.34000000000003,2.50522,2.64259,189.23230346806042
fs_125C_1.20V,255,146.80100000000002,157.67000000000002,152.2355,211.131,187.54999999999998,4.456580000000001,4.407710000000001,298.580458924137
fs_125C_1.32V,0,14350.6,10589.6,12470.1,19075.699999999997,12301.7,0.0375368,0.079377,3.645082674120132
fs_125C_1.32V,16,1432.07,1392.6299999999999,1412.35,2244.58,1602.23,0.36536300000000005,0.6643680000000001,32.18362690165006
fs_125C_1.32V,128,206.07,225.55,215.81,336.93,284.53999999999996,2.94118,3.22817,210.62298065217297
fs_125C_1.32V,255,127.14600000000002,139.44,133.293,193.273,168.94,5.376130000000001,5.40319,341.0122471138428
